Date,B_LAST_NORTH_OIL_SIDE_SM,B_LAST_SOUTH_OIL_SIDE_SM,B_NORTH_OIL_SIDE.DAYS_LEFT,B_NORTH_OIL_SIDE.EXPECTED_LIFE,B_NORTH_OIL_SIDE.RESID_LIFE_%,B_NORTH_OIL_SIDE.RLIFE_STATUS,B_NORTH_OIL_SIDE.RUNDAYS,B_SOUTH_OIL_SIDE.DAYS_LEFT,B_SOUTH_OIL_SIDE.EXPECTED_LIFE,B_SOUTH_OIL_SIDE.RESID_LIFE_%,B_SOUTH_OIL_SIDE.RLIFE_STATUS,B_SOUTH_OIL_SIDE.RUNDAYS
03-Sep-24 00:00:00,7/12/2023,7/12/2023,90,365,24.80,ON_LINE,275,90,365,24.80,ON_LINE,275
04-Sep-24 00:00:00,7/12/2023,7/12/2023,89,365,24.53,ON_LINE,276,89,365,24.53,ON_LINE,276
05-Sep-24 00:00:00,7/12/2023,7/12/2023,88,365,24.25,ON_LINE,277,88,365,24.25,ON_LINE,277
06-Sep-24 00:00:00,7/12/2023,7/12/2023,87,365,23.98,ON_LINE,278,87,365,23.98,ON_LINE,278
07-Sep-24 00:00:00,7/12/2023,7/12/2023,86,365,23.70,ON_LINE,279,86,365,23.70,ON_LINE,279
08-Sep-24 00:00:00,7/12/2023,7/12/2023,85,365,23.43,ON_LINE,280,85,365,23.43,ON_LINE,280
09-Sep-24 00:00:00,7/12/2023,7/12/2023,84,365,23.16,ON_LINE,281,84,365,23.16,ON_LINE,281
10-Sep-24 00:00:00,7/12/2023,7/12/2023,83,365,22.88,ON_LINE,282,83,365,22.88,ON_LINE,282
11-Sep-24 00:00:00,7/12/2023,7/12/2023,82,365,22.61,ON_LINE,283,82,365,22.61,ON_LINE,283
12-Sep-24 00:00:00,7/12/2023,7/12/2023,82,365,22.44,ON_LINE,283,82,365,22.44,ON_LINE,283
13-Sep-24 00:00:00,7/12/2023,7/12/2023,82,365,22.44,ON_LINE,283,82,365,22.44,ON_LINE,283
14-Sep-24 00:00:00,7/12/2023,7/12/2023,82,365,22.44,ON_LINE,283,82,365,22.44,ON_LINE,283
15-Sep-24 00:00:00,7/12/2023,7/12/2023,82,365,22.44,ON_LINE,283,82,365,22.44,ON_LINE,283
16-Sep-24 00:00:00,7/12/2023,7/12/2023,82,365,22.44,ON_LINE,283,82,365,22.44,ON_LINE,283
17-Sep-24 00:00:00,7/12/2023,7/12/2023,82,365,22.44,ON_LINE,283,82,365,22.44,ON_LINE,283
18-Sep-24 00:00:00,7/12/2023,7/12/2023,82,365,22.44,ON_LINE,283,82,365,22.44,ON_LINE,283
19-Sep-24 00:00:00,7/12/2023,7/12/2023,82,365,22.44,ON_LINE,283,82,365,22.44,ON_LINE,283
20-Sep-24 00:00:00,7/12/2023,7/12/2023,82,365,22.44,ON_LINE,283,82,365,22.44,ON_LINE,283
21-Sep-24 00:00:00,7/12/2023,7/12/2023,82,365,22.44,ON_LINE,283,82,365,22.44,ON_LINE,283
22-Sep-24 00:00:00,7/12/2023,7/12/2023,82,365,22.44,ON_LINE,283,82,365,22.44,ON_LINE,283
23-Sep-24 00:00:00,7/12/2023,7/12/2023,82,365,22.44,ON_LINE,283,82,365,22.44,ON_LINE,283
24-Sep-24 00:00:00,7/12/2023,7/12/2023,82,365,22.44,ON_LINE,283,82,365,22.44,ON_LINE,283
25-Sep-24 00:00:00,7/12/2023,7/12/2023,82,365,22.44,ON_LINE,283,82,365,22.44,ON_LINE,283
26-Sep-24 00:00:00,7/12/2023,7/12/2023,82,365,22.44,ON_LINE,283,82,365,22.44,ON_LINE,283
27-Sep-24 00:00:00,7/12/2023,7/12/2023,82,365,22.44,ON_LINE,283,82,365,22.44,ON_LINE,283
28-Sep-24 00:00:00,7/12/2023,7/12/2023,82,365,22.44,ON_LINE,283,82,365,22.44,ON_LINE,283
29-Sep-24 00:00:00,7/12/2023,7/12/2023,82,365,22.44,ON_LINE,283,82,365,22.44,ON_LINE,283
30-Sep-24 00:00:00,7/12/2023,7/12/2023,81,365,22.33,ON_LINE,284,81,365,22.33,ON_LINE,284
01-Oct-24 00:00:00,7/12/2023,7/12/2023,80,365,22.06,ON_LINE,285,80,365,22.06,ON_LINE,285
02-Oct-24 00:00:00,7/12/2023,7/12/2023,79,365,21.79,ON_LINE,286,79,365,21.79,ON_LINE,286
03-Oct-24 00:00:00,7/12/2023,7/12/2023,78,365,21.51,ON_LINE,287,78,365,21.51,ON_LINE,287
04-Oct-24 00:00:00,7/12/2023,7/12/2023,78,365,21.29,ON_LINE,287,78,365,21.29,ON_LINE,287
05-Oct-24 00:00:00,7/12/2023,7/12/2023,78,365,21.29,ON_LINE,287,78,365,21.29,ON_LINE,287
06-Oct-24 00:00:00,7/12/2023,7/12/2023,78,365,21.29,ON_LINE,287,78,365,21.29,ON_LINE,287
07-Oct-24 00:00:00,7/12/2023,7/12/2023,77,365,21.15,ON_LINE,288,77,365,21.15,ON_LINE,288
08-Oct-24 00:00:00,7/12/2023,7/12/2023,76,365,20.88,ON_LINE,289,76,365,20.88,ON_LINE,289
09-Oct-24 00:00:00,7/12/2023,7/12/2023,75,365,20.61,ON_LINE,290,75,365,20.61,ON_LINE,290
10-Oct-24 00:00:00,7/12/2023,7/12/2023,74,365,20.33,ON_LINE,291,74,365,20.33,ON_LINE,291
11-Oct-24 00:00:00,7/12/2023,7/12/2023,74,365,20.18,ON_LINE,291,74,365,20.18,ON_LINE,291
12-Oct-24 00:00:00,7/12/2023,7/12/2023,73,365,19.91,ON_LINE,292,73,365,19.91,ON_LINE,292
13-Oct-24 00:00:00,7/12/2023,7/12/2023,72,365,19.63,ON_LINE,293,72,365,19.63,ON_LINE,293
14-Oct-24 00:00:00,7/12/2023,7/12/2023,71,365,19.36,ON_LINE,294,71,365,19.36,ON_LINE,294
15-Oct-24 00:00:00,7/12/2023,7/12/2023,70,365,19.08,ON_LINE,295,70,365,19.08,ON_LINE,295
16-Oct-24 00:00:00,7/12/2023,7/12/2023,69,365,18.81,ON_LINE,296,69,365,18.81,ON_LINE,296
17-Oct-24 00:00:00,7/12/2023,7/12/2023,68,365,18.54,ON_LINE,297,68,365,18.54,ON_LINE,297
18-Oct-24 00:00:00,7/12/2023,7/12/2023,67,365,18.26,ON_LINE,298,67,365,18.26,ON_LINE,298
19-Oct-24 00:00:00,7/12/2023,7/12/2023,66,365,17.99,ON_LINE,299,66,365,17.99,ON_LINE,299
20-Oct-24 00:00:00,7/12/2023,7/12/2023,65,365,17.71,ON_LINE,300,65,365,17.71,ON_LINE,300
21-Oct-24 00:00:00,7/12/2023,7/12/2023,64,365,17.44,ON_LINE,301,64,365,17.44,ON_LINE,301
22-Oct-24 00:00:00,7/12/2023,7/12/2023,63,365,17.17,ON_LINE,302,63,365,17.17,ON_LINE,302
23-Oct-24 00:00:00,7/12/2023,7/12/2023,62,365,16.89,ON_LINE,303,62,365,16.89,ON_LINE,303
24-Oct-24 00:00:00,7/12/2023,7/12/2023,61,365,16.62,ON_LINE,304,61,365,16.62,ON_LINE,304
25-Oct-24 00:00:00,7/12/2023,7/12/2023,60,365,16.34,ON_LINE,305,60,365,16.34,ON_LINE,305
26-Oct-24 00:00:00,7/12/2023,7/12/2023,59,365,16.08,ON_LINE,306,59,365,16.08,ON_LINE,306
27-Oct-24 00:00:00,7/12/2023,7/12/2023,58,365,15.81,ON_LINE,307,58,365,15.81,ON_LINE,307
28-Oct-24 00:00:00,7/12/2023,7/12/2023,57,365,15.52,ON_LINE,308,57,365,15.52,ON_LINE,308
29-Oct-24 00:00:00,7/12/2023,7/12/2023,56,365,15.25,ON_LINE,309,56,365,15.25,ON_LINE,309
30-Oct-24 00:00:00,7/12/2023,7/12/2023,55,365,14.97,ON_LINE,310,55,365,14.97,ON_LINE,310
31-Oct-24 00:00:00,7/12/2023,7/12/2023,54,365,14.70,ON_LINE,311,54,365,14.70,ON_LINE,311
01-Nov-24 00:00:00,7/12/2023,7/12/2023,53,365,14.43,ON_LINE,312,53,365,14.43,ON_LINE,312
02-Nov-24 00:00:00,7/12/2023,7/12/2023,52,365,14.15,ON_LINE,313,52,365,14.15,ON_LINE,313
03-Nov-24 00:00:00,7/12/2023,7/12/2023,51,365,13.88,ON_LINE,314,51,365,13.88,ON_LINE,314
04-Nov-24 00:00:00,7/12/2023,7/12/2023,50,365,13.61,ON_LINE,315,50,365,13.61,ON_LINE,315
05-Nov-24 00:00:00,7/12/2023,7/12/2023,49,365,13.33,ON_LINE,316,49,365,13.33,ON_LINE,316
06-Nov-24 00:00:00,7/12/2023,7/12/2023,48,365,13.06,ON_LINE,317,48,365,13.06,ON_LINE,317
07-Nov-24 00:00:00,7/12/2023,7/12/2023,47,365,12.78,ON_LINE,318,47,365,12.78,ON_LINE,318
08-Nov-24 00:00:00,7/12/2023,7/12/2023,46,365,12.51,ON_LINE,319,46,365,12.51,ON_LINE,319
09-Nov-24 00:00:00,7/12/2023,7/12/2023,45,365,12.24,ON_LINE,320,45,365,12.24,ON_LINE,320
10-Nov-24 00:00:00,7/12/2023,7/12/2023,44,365,11.96,ON_LINE,321,44,365,11.96,ON_LINE,321
11-Nov-24 00:00:00,7/12/2023,7/12/2023,43,365,11.69,ON_LINE,322,43,365,11.69,ON_LINE,322
12-Nov-24 00:00:00,7/12/2023,7/12/2023,42,365,11.41,ON_LINE,323,42,365,11.41,ON_LINE,323
13-Nov-24 00:00:00,7/12/2023,7/12/2023,41,365,11.14,ON_LINE,324,41,365,11.14,ON_LINE,324
14-Nov-24 00:00:00,7/12/2023,7/12/2023,40,365,10.94,ON_LINE,325,40,365,10.94,ON_LINE,325
15-Nov-24 00:00:00,7/12/2023,7/12/2023,39,365,10.81,ON_LINE,326,39,365,10.81,ON_LINE,326
16-Nov-24 00:00:00,7/12/2023,7/12/2023,39,365,10.58,ON_LINE,326,39,365,10.58,ON_LINE,326
17-Nov-24 00:00:00,7/12/2023,7/12/2023,38,365,10.31,ON_LINE,327,38,365,10.31,ON_LINE,327
18-Nov-24 00:00:00,7/12/2023,7/12/2023,37,365,10.04,ON_LINE,328,37,365,10.04,ON_LINE,328
19-Nov-24 00:00:00,7/12/2023,7/12/2023,36,365,9.77,ON_LINE,329,36,365,9.77,ON_LINE,329
20-Nov-24 00:00:00,7/12/2023,7/12/2023,36,365,9.77,ON_LINE,329,36,365,9.77,ON_LINE,329
21-Nov-24 00:00:00,7/12/2023,7/12/2023,36,365,9.75,ON_LINE,329,36,365,9.75,ON_LINE,329
22-Nov-24 00:00:00,7/12/2023,7/12/2023,35,365,9.47,ON_LINE,330,35,365,9.47,ON_LINE,330
23-Nov-24 00:00:00,7/12/2023,7/12/2023,34,365,9.20,ON_LINE,331,34,365,9.20,ON_LINE,331
24-Nov-24 00:00:00,7/12/2023,7/12/2023,33,365,8.93,ON_LINE,332,33,365,8.93,ON_LINE,332
25-Nov-24 00:00:00,7/12/2023,7/12/2023,32,365,8.65,ON_LINE,333,32,365,8.65,ON_LINE,333
26-Nov-24 00:00:00,7/12/2023,7/12/2023,31,365,8.38,ON_LINE,334,31,365,8.38,ON_LINE,334
27-Nov-24 00:00:00,7/12/2023,7/12/2023,30,365,8.10,ON_LINE,335,30,365,8.10,ON_LINE,335
28-Nov-24 00:00:00,7/12/2023,7/12/2023,29,365,7.97,ON_LINE,336,29,365,7.97,ON_LINE,336
29-Nov-24 00:00:00,7/12/2023,7/12/2023,29,365,7.84,ON_LINE,336,29,365,7.84,ON_LINE,336
30-Nov-24 00:00:00,7/12/2023,7/12/2023,28,365,7.56,ON_LINE,337,28,365,7.56,ON_LINE,337
01-Dec-24 00:00:00,7/12/2023,7/12/2023,27,365,7.29,ON_LINE,338,27,365,7.29,ON_LINE,338
02-Dec-24 00:00:00,7/12/2023,7/12/2023,26,365,7.01,ON_LINE,339,26,365,7.01,ON_LINE,339
03-Dec-24 00:00:00,7/12/2023,7/12/2023,25,365,6.74,ON_LINE,340,25,365,6.74,ON_LINE,340
04-Dec-24 00:00:00,7/12/2023,7/12/2023,24,365,6.47,ON_LINE,341,24,365,6.47,ON_LINE,341
05-Dec-24 00:00:00,7/12/2023,7/12/2023,23,365,6.19,ON_LINE,342,23,365,6.19,ON_LINE,342
06-Dec-24 00:00:00,7/12/2023,7/12/2023,22,365,5.92,ON_LINE,343,22,365,5.92,ON_LINE,343
07-Dec-24 00:00:00,7/12/2023,7/12/2023,21,365,5.64,ON_LINE,344,21,365,5.64,ON_LINE,344
08-Dec-24 00:00:00,7/12/2023,7/12/2023,20,365,5.37,ON_LINE,345,20,365,5.37,ON_LINE,345
09-Dec-24 00:00:00,7/12/2023,7/12/2023,19,365,5.10,ON_LINE,346,19,365,5.10,ON_LINE,346
10-Dec-24 00:00:00,7/12/2023,7/12/2023,18,365,4.82,ON_LINE,347,18,365,4.82,ON_LINE,347
11-Dec-24 00:00:00,7/12/2023,7/12/2023,17,365,4.55,ON_LINE,348,17,365,4.55,ON_LINE,348
12-Dec-24 00:00:00,7/12/2023,7/12/2023,16,365,4.27,ON_LINE,349,16,365,4.27,ON_LINE,349
13-Dec-24 00:00:00,7/12/2023,7/12/2023,15,365,4.00,ON_LINE,350,15,365,4.00,ON_LINE,350
14-Dec-24 00:00:00,7/12/2023,7/12/2023,14,365,3.73,ON_LINE,351,14,365,3.73,ON_LINE,351
15-Dec-24 00:00:00,7/12/2023,7/12/2023,13,365,3.45,ON_LINE,352,13,365,3.45,ON_LINE,352
16-Dec-24 00:00:00,7/12/2023,7/12/2023,12,365,3.18,ON_LINE,353,12,365,3.18,ON_LINE,353
17-Dec-24 00:00:00,7/12/2023,7/12/2023,11,365,2.90,ON_LINE,354,11,365,2.90,ON_LINE,354
18-Dec-24 00:00:00,7/12/2023,7/12/2023,10,365,2.63,ON_LINE,355,10,365,2.63,ON_LINE,355
19-Dec-24 00:00:00,7/12/2023,7/12/2023,9,365,2.36,ON_LINE,356,9,365,2.36,ON_LINE,356
20-Dec-24 00:00:00,7/12/2023,7/12/2023,8,365,2.08,ON_LINE,357,8,365,2.08,ON_LINE,357
21-Dec-24 00:00:00,7/12/2023,7/12/2023,7,365,1.81,ON_LINE,358,7,365,1.81,ON_LINE,358
22-Dec-24 00:00:00,7/12/2023,7/12/2023,6,365,1.53,ON_LINE,359,6,365,1.53,ON_LINE,359
23-Dec-24 00:00:00,7/12/2023,7/12/2023,5,365,1.26,ON_LINE,360,5,365,1.26,ON_LINE,360
24-Dec-24 00:00:00,7/12/2023,7/12/2023,4,365,1.11,ON_LINE,361,4,365,1.11,ON_LINE,361
25-Dec-24 00:00:00,7/12/2023,7/12/2023,4,365,1.11,ON_LINE,361,4,365,1.11,ON_LINE,361
26-Dec-24 00:00:00,7/12/2023,7/12/2023,4,365,1.11,ON_LINE,361,4,365,1.11,ON_LINE,361
27-Dec-24 00:00:00,12/27/2024,12/27/2024,4,365,1.11,ON_LINE,361,4,365,1.11,ON_LINE,361
28-Dec-24 00:00:00,12/27/2024,12/27/2024,4,365,0.98,ON_LINE,361,4,365,0.98,ON_LINE,361
29-Dec-24 00:00:00,12/27/2024,12/27/2024,3,365,0.71,ON_LINE,362,3,365,0.71,ON_LINE,362
30-Dec-24 00:00:00,12/27/2024,12/27/2024,2,365,0.43,ON_LINE,363,2,365,0.43,ON_LINE,363
31-Dec-24 00:00:00,12/27/2024,12/27/2024,1,365,0.16,ON_LINE,364,1,365,0.16,ON_LINE,364
01-Jan-25 00:00:00,12/27/2024,12/27/2024,0,365,-0.11,ON_LINE,365,0,365,-0.11,ON_LINE,365
02-Jan-25 00:00:00,12/27/2024,12/27/2024,-1,365,-0.39,ON_LINE,366,-1,365,-0.39,ON_LINE,366
03-Jan-25 00:00:00,12/27/2024,12/27/2024,-2,365,-0.66,ON_LINE,367,-2,365,-0.66,ON_LINE,367
04-Jan-25 00:00:00,12/27/2024,12/27/2024,-3,365,-0.94,ON_LINE,368,-3,365,-0.94,ON_LINE,368
05-Jan-25 00:00:00,12/27/2024,12/27/2024,-4,365,-1.21,ON_LINE,369,-4,365,-1.21,ON_LINE,369
06-Jan-25 00:00:00,12/27/2024,12/27/2024,-5,365,-1.48,ON_LINE,370,-5,365,-1.48,ON_LINE,370
07-Jan-25 00:00:00,12/27/2024,12/27/2024,354,365,97.13,ON_LINE,11,354,365,97.13,ON_LINE,11
08-Jan-25 00:00:00,12/27/2024,12/27/2024,353,365,96.85,ON_LINE,12,353,365,96.85,ON_LINE,12
09-Jan-25 00:00:00,12/27/2024,12/27/2024,352,365,96.58,ON_LINE,13,352,365,96.58,ON_LINE,13
10-Jan-25 00:00:00,12/27/2024,12/27/2024,351,365,96.31,ON_LINE,14,351,365,96.31,ON_LINE,14
11-Jan-25 00:00:00,12/27/2024,12/27/2024,351,365,96.13,ON_LINE,14,351,365,96.13,ON_LINE,14
12-Jan-25 00:00:00,12/27/2024,12/27/2024,350,365,96.02,ON_LINE,15,350,365,96.02,ON_LINE,15
13-Jan-25 00:00:00,12/27/2024,12/27/2024,349,365,95.75,ON_LINE,16,349,365,95.75,ON_LINE,16
14-Jan-25 00:00:00,12/27/2024,12/27/2024,348,365,95.47,ON_LINE,17,348,365,95.47,ON_LINE,17
15-Jan-25 00:00:00,12/27/2024,12/27/2024,347,365,95.20,ON_LINE,18,347,365,95.20,ON_LINE,18
16-Jan-25 00:00:00,12/27/2024,12/27/2024,346,365,94.93,ON_LINE,19,346,365,94.93,ON_LINE,19
17-Jan-25 00:00:00,12/27/2024,12/27/2024,345,365,94.65,ON_LINE,20,345,365,94.65,ON_LINE,20
18-Jan-25 00:00:00,12/27/2024,12/27/2024,344,365,94.38,ON_LINE,21,344,365,94.38,ON_LINE,21
19-Jan-25 00:00:00,12/27/2024,12/27/2024,343,365,94.10,ON_LINE,22,343,365,94.10,ON_LINE,22
20-Jan-25 00:00:00,12/27/2024,12/27/2024,342,365,93.83,ON_LINE,23,342,365,93.83,ON_LINE,23
21-Jan-25 00:00:00,12/27/2024,12/27/2024,341,365,93.56,ON_LINE,24,341,365,93.56,ON_LINE,24
22-Jan-25 00:00:00,12/27/2024,12/27/2024,340,365,93.28,ON_LINE,25,340,365,93.28,ON_LINE,25
23-Jan-25 00:00:00,12/27/2024,12/27/2024,340,365,93.04,ON_LINE,25,340,365,93.04,ON_LINE,25
24-Jan-25 00:00:00,12/27/2024,12/27/2024,340,365,93.04,ON_LINE,25,340,365,93.04,ON_LINE,25
25-Jan-25 00:00:00,12/27/2024,12/27/2024,340,365,93.04,ON_LINE,25,340,365,93.04,ON_LINE,25
26-Jan-25 00:00:00,12/27/2024,12/27/2024,340,365,93.04,ON_LINE,25,340,365,93.04,ON_LINE,25
27-Jan-25 00:00:00,12/27/2024,12/27/2024,340,365,93.04,ON_LINE,25,340,365,93.04,ON_LINE,25
28-Jan-25 00:00:00,12/27/2024,12/27/2024,340,365,93.04,ON_LINE,25,340,365,93.04,ON_LINE,25
29-Jan-25 00:00:00,12/27/2024,12/27/2024,339,365,92.93,ON_LINE,26,339,365,92.93,ON_LINE,26
30-Jan-25 00:00:00,12/27/2024,12/27/2024,338,365,92.66,ON_LINE,27,338,365,92.66,ON_LINE,27
31-Jan-25 00:00:00,12/27/2024,12/27/2024,337,365,92.39,ON_LINE,28,337,365,92.39,ON_LINE,28
01-Feb-25 00:00:00,12/27/2024,12/27/2024,336,365,92.11,ON_LINE,29,336,365,92.11,ON_LINE,29
02-Feb-25 00:00:00,12/27/2024,12/27/2024,335,365,91.84,ON_LINE,30,335,365,91.84,ON_LINE,30
03-Feb-25 00:00:00,12/27/2024,12/27/2024,335,365,91.80,ON_LINE,30,335,365,91.80,ON_LINE,30
04-Feb-25 00:00:00,12/27/2024,12/27/2024,335,365,91.80,ON_LINE,30,335,365,91.80,ON_LINE,30
05-Feb-25 00:00:00,12/27/2024,12/27/2024,335,365,91.80,ON_LINE,30,335,365,91.80,ON_LINE,30
06-Feb-25 00:00:00,12/27/2024,12/27/2024,335,365,91.80,ON_LINE,30,335,365,91.80,ON_LINE,30
07-Feb-25 00:00:00,12/27/2024,12/27/2024,335,365,91.80,ON_LINE,30,335,365,91.80,ON_LINE,30
08-Feb-25 00:00:00,12/27/2024,12/27/2024,335,365,91.80,ON_LINE,30,335,365,91.80,ON_LINE,30
09-Feb-25 00:00:00,12/27/2024,12/27/2024,335,365,91.80,ON_LINE,30,335,365,91.80,ON_LINE,30
10-Feb-25 00:00:00,12/27/2024,12/27/2024,335,365,91.80,ON_LINE,30,335,365,91.80,ON_LINE,30
11-Feb-25 00:00:00,12/27/2024,12/27/2024,335,365,91.80,ON_LINE,30,335,365,91.80,ON_LINE,30
12-Feb-25 00:00:00,12/27/2024,12/27/2024,335,365,91.67,ON_LINE,30,335,365,91.67,ON_LINE,30
13-Feb-25 00:00:00,12/27/2024,12/27/2024,334,365,91.40,ON_LINE,31,334,365,91.40,ON_LINE,31
14-Feb-25 00:00:00,12/27/2024,12/27/2024,333,365,91.13,ON_LINE,32,333,365,91.13,ON_LINE,32
15-Feb-25 00:00:00,12/27/2024,12/27/2024,332,365,90.85,ON_LINE,33,332,365,90.85,ON_LINE,33
16-Feb-25 00:00:00,12/27/2024,12/27/2024,331,365,90.58,ON_LINE,34,331,365,90.58,ON_LINE,34
17-Feb-25 00:00:00,12/27/2024,12/27/2024,330,365,90.30,ON_LINE,35,330,365,90.30,ON_LINE,35
18-Feb-25 00:00:00,12/27/2024,12/27/2024,329,365,90.16,ON_LINE,36,329,365,90.16,ON_LINE,36
19-Feb-25 00:00:00,12/27/2024,12/27/2024,329,365,90.16,ON_LINE,36,329,365,90.16,ON_LINE,36
20-Feb-25 00:00:00,12/27/2024,12/27/2024,329,365,90.16,ON_LINE,36,329,365,90.16,ON_LINE,36
21-Feb-25 00:00:00,12/27/2024,12/27/2024,329,365,90.16,ON_LINE,36,329,365,90.16,ON_LINE,36
22-Feb-25 00:00:00,12/27/2024,12/27/2024,329,365,90.16,ON_LINE,36,329,365,90.16,ON_LINE,36
23-Feb-25 00:00:00,12/27/2024,12/27/2024,329,365,90.16,ON_LINE,36,329,365,90.16,ON_LINE,36
24-Feb-25 00:00:00,12/27/2024,12/27/2024,329,365,90.16,ON_LINE,36,329,365,90.16,ON_LINE,36
25-Feb-25 00:00:00,12/27/2024,12/27/2024,329,365,90.16,ON_LINE,36,329,365,90.16,ON_LINE,36
26-Feb-25 00:00:00,12/27/2024,12/27/2024,329,365,90.16,ON_LINE,36,329,365,90.16,ON_LINE,36
27-Feb-25 00:00:00,12/27/2024,12/27/2024,329,365,90.16,ON_LINE,36,329,365,90.16,ON_LINE,36
28-Feb-25 00:00:00,12/27/2024,12/27/2024,329,365,90.16,ON_LINE,36,329,365,90.16,ON_LINE,36
01-Mar-25 00:00:00,12/27/2024,12/27/2024,329,365,90.16,ON_LINE,36,329,365,90.16,ON_LINE,36
02-Mar-25 00:00:00,12/27/2024,12/27/2024,329,365,90.16,ON_LINE,36,329,365,90.16,ON_LINE,36
03-Mar-25 00:00:00,12/27/2024,12/27/2024,329,365,90.16,ON_LINE,36,329,365,90.16,ON_LINE,36
04-Mar-25 00:00:00,12/27/2024,12/27/2024,329,365,90.16,ON_LINE,36,329,365,90.16,ON_LINE,36
05-Mar-25 00:00:00,12/27/2024,12/27/2024,329,365,90.16,ON_LINE,36,329,365,90.16,ON_LINE,36
06-Mar-25 00:00:00,12/27/2024,12/27/2024,329,365,90.16,ON_LINE,36,329,365,90.16,ON_LINE,36
07-Mar-25 00:00:00,12/27/2024,12/27/2024,329,365,90.16,ON_LINE,36,329,365,90.16,ON_LINE,36
08-Mar-25 00:00:00,12/27/2024,12/27/2024,329,365,90.16,ON_LINE,36,329,365,90.16,ON_LINE,36
09-Mar-25 00:00:00,12/27/2024,12/27/2024,329,365,90.16,ON_LINE,36,329,365,90.16,ON_LINE,36
10-Mar-25 00:00:00,12/27/2024,12/27/2024,329,365,90.16,ON_LINE,36,329,365,90.16,ON_LINE,36
11-Mar-25 00:00:00,12/27/2024,12/27/2024,329,365,90.09,ON_LINE,36,329,365,90.09,ON_LINE,36
12-Mar-25 00:00:00,12/27/2024,12/27/2024,328,365,89.82,ON_LINE,37,328,365,89.82,ON_LINE,37
13-Mar-25 00:00:00,12/27/2024,12/27/2024,327,365,89.55,ON_LINE,38,327,365,89.55,ON_LINE,38
14-Mar-25 00:00:00,12/27/2024,12/27/2024,326,365,89.27,ON_LINE,39,326,365,89.27,ON_LINE,39
15-Mar-25 00:00:00,12/27/2024,12/27/2024,325,365,89.00,ON_LINE,40,325,365,89.00,ON_LINE,40
16-Mar-25 00:00:00,12/27/2024,12/27/2024,324,365,88.72,ON_LINE,41,324,365,88.72,ON_LINE,41
17-Mar-25 00:00:00,12/27/2024,12/27/2024,323,365,88.51,ON_LINE,42,323,365,88.51,ON_LINE,42
18-Mar-25 00:00:00,12/27/2024,12/27/2024,323,365,88.51,ON_LINE,42,323,365,88.51,ON_LINE,42
19-Mar-25 00:00:00,12/27/2024,12/27/2024,323,365,88.51,ON_LINE,42,323,365,88.51,ON_LINE,42
20-Mar-25 00:00:00,12/27/2024,12/27/2024,323,365,88.51,ON_LINE,42,323,365,88.51,ON_LINE,42
21-Mar-25 00:00:00,12/27/2024,12/27/2024,323,365,88.51,ON_LINE,42,323,365,88.51,ON_LINE,42
22-Mar-25 00:00:00,12/27/2024,12/27/2024,323,365,88.50,ON_LINE,42,323,365,88.50,ON_LINE,42
23-Mar-25 00:00:00,12/27/2024,12/27/2024,323,365,88.50,ON_LINE,42,323,365,88.50,ON_LINE,42
24-Mar-25 00:00:00,12/27/2024,12/27/2024,323,365,88.50,ON_LINE,42,323,365,88.50,ON_LINE,42
25-Mar-25 00:00:00,12/27/2024,12/27/2024,323,365,88.50,ON_LINE,42,323,365,88.50,ON_LINE,42
26-Mar-25 00:00:00,12/27/2024,12/27/2024,323,365,88.39,ON_LINE,42,323,365,88.39,ON_LINE,42
27-Mar-25 00:00:00,12/27/2024,12/27/2024,322,365,88.22,ON_LINE,43,322,365,88.22,ON_LINE,43
28-Mar-25 00:00:00,12/27/2024,12/27/2024,321,365,87.95,ON_LINE,44,321,365,87.95,ON_LINE,44
29-Mar-25 00:00:00,12/27/2024,12/27/2024,320,365,87.67,ON_LINE,45,320,365,87.67,ON_LINE,45
30-Mar-25 00:00:00,12/27/2024,12/27/2024,319,365,87.40,ON_LINE,46,319,365,87.40,ON_LINE,46
31-Mar-25 00:00:00,12/27/2024,12/27/2024,318,365,87.14,ON_LINE,47,318,365,87.14,ON_LINE,47
01-Apr-25 00:00:00,12/27/2024,12/27/2024,317,365,86.86,ON_LINE,48,317,365,86.86,ON_LINE,48
02-Apr-25 00:00:00,12/27/2024,12/27/2024,316,365,86.59,ON_LINE,49,316,365,86.59,ON_LINE,49
03-Apr-25 00:00:00,12/27/2024,12/27/2024,315,365,86.42,ON_LINE,50,315,365,86.42,ON_LINE,50
04-Apr-25 00:00:00,12/27/2024,12/27/2024,315,365,86.33,ON_LINE,50,315,365,86.33,ON_LINE,50
05-Apr-25 00:00:00,12/27/2024,12/27/2024,314,365,86.06,ON_LINE,51,314,365,86.06,ON_LINE,51
06-Apr-25 00:00:00,12/27/2024,12/27/2024,313,365,85.78,ON_LINE,52,313,365,85.78,ON_LINE,52
07-Apr-25 00:00:00,12/27/2024,12/27/2024,312,365,85.51,ON_LINE,53,312,365,85.51,ON_LINE,53
08-Apr-25 00:00:00,12/27/2024,12/27/2024,311,365,85.23,ON_LINE,54,311,365,85.23,ON_LINE,54
09-Apr-25 00:00:00,12/27/2024,12/27/2024,310,365,84.96,ON_LINE,55,310,365,84.96,ON_LINE,55
10-Apr-25 00:00:00,12/27/2024,12/27/2024,309,365,84.69,ON_LINE,56,309,365,84.69,ON_LINE,56
11-Apr-25 00:00:00,12/27/2024,12/27/2024,308,365,84.41,ON_LINE,57,308,365,84.41,ON_LINE,57
12-Apr-25 00:00:00,12/27/2024,12/27/2024,307,365,84.14,ON_LINE,58,307,365,84.14,ON_LINE,58
13-Apr-25 00:00:00,12/27/2024,12/27/2024,306,365,83.87,ON_LINE,59,306,365,83.87,ON_LINE,59
14-Apr-25 00:00:00,12/27/2024,12/27/2024,305,365,83.60,ON_LINE,60,305,365,83.60,ON_LINE,60
15-Apr-25 00:00:00,12/27/2024,12/27/2024,304,365,83.32,ON_LINE,61,304,365,83.32,ON_LINE,61
16-Apr-25 00:00:00,12/27/2024,12/27/2024,303,365,83.05,ON_LINE,62,303,365,83.05,ON_LINE,62
17-Apr-25 00:00:00,12/27/2024,12/27/2024,302,365,82.78,ON_LINE,63,302,365,82.78,ON_LINE,63
18-Apr-25 00:00:00,12/27/2024,12/27/2024,301,365,82.50,ON_LINE,64,301,365,82.50,ON_LINE,64
19-Apr-25 00:00:00,12/27/2024,12/27/2024,300,365,82.23,ON_LINE,65,300,365,82.23,ON_LINE,65
20-Apr-25 00:00:00,12/27/2024,12/27/2024,299,365,81.96,ON_LINE,66,299,365,81.96,ON_LINE,66
21-Apr-25 00:00:00,12/27/2024,12/27/2024,298,365,81.68,ON_LINE,67,298,365,81.68,ON_LINE,67
22-Apr-25 00:00:00,12/27/2024,12/27/2024,298,365,81.51,ON_LINE,67,298,365,81.51,ON_LINE,67
23-Apr-25 00:00:00,12/27/2024,12/27/2024,297,365,81.35,ON_LINE,68,297,365,81.35,ON_LINE,68
24-Apr-25 00:00:00,12/27/2024,12/27/2024,296,365,81.07,ON_LINE,69,296,365,81.07,ON_LINE,69
25-Apr-25 00:00:00,12/27/2024,12/27/2024,295,365,80.80,ON_LINE,70,295,365,80.80,ON_LINE,70
26-Apr-25 00:00:00,12/27/2024,12/27/2024,294,365,80.53,ON_LINE,71,294,365,80.53,ON_LINE,71
27-Apr-25 00:00:00,12/27/2024,12/27/2024,293,365,80.25,ON_LINE,72,293,365,80.25,ON_LINE,72
28-Apr-25 00:00:00,12/27/2024,12/27/2024,292,365,79.98,ON_LINE,73,292,365,79.98,ON_LINE,73
29-Apr-25 00:00:00,12/27/2024,12/27/2024,291,365,79.70,ON_LINE,74,291,365,79.70,ON_LINE,74
30-Apr-25 00:00:00,12/27/2024,12/27/2024,290,365,79.43,ON_LINE,75,290,365,79.43,ON_LINE,75
01-May-25 00:00:00,12/27/2024,12/27/2024,289,365,79.16,ON_LINE,76,289,365,79.16,ON_LINE,76
02-May-25 00:00:00,12/27/2024,12/27/2024,288,365,78.88,ON_LINE,77,288,365,78.88,ON_LINE,77
03-May-25 00:00:00,12/27/2024,12/27/2024,287,365,78.61,ON_LINE,78,287,365,78.61,ON_LINE,78
04-May-25 00:00:00,12/27/2024,12/27/2024,286,365,78.33,ON_LINE,79,286,365,78.33,ON_LINE,79
05-May-25 00:00:00,12/27/2024,12/27/2024,285,365,78.06,ON_LINE,80,285,365,78.06,ON_LINE,80
06-May-25 00:00:00,12/27/2024,12/27/2024,284,365,77.79,ON_LINE,81,284,365,77.79,ON_LINE,81
07-May-25 00:00:00,12/27/2024,12/27/2024,283,365,77.51,ON_LINE,82,283,365,77.51,ON_LINE,82
08-May-25 00:00:00,12/27/2024,12/27/2024,282,365,77.24,ON_LINE,83,282,365,77.24,ON_LINE,83
09-May-25 00:00:00,12/27/2024,12/27/2024,281,365,76.96,ON_LINE,84,281,365,76.96,ON_LINE,84
10-May-25 00:00:00,12/27/2024,12/27/2024,280,365,76.69,ON_LINE,85,280,365,76.69,ON_LINE,85
11-May-25 00:00:00,12/27/2024,12/27/2024,279,365,76.42,ON_LINE,86,279,365,76.42,ON_LINE,86
12-May-25 00:00:00,12/27/2024,12/27/2024,278,365,76.14,ON_LINE,87,278,365,76.14,ON_LINE,87
13-May-25 00:00:00,12/27/2024,12/27/2024,278,365,76.04,ON_LINE,87,278,365,76.04,ON_LINE,87
14-May-25 00:00:00,12/27/2024,12/27/2024,278,365,76.04,ON_LINE,87,278,365,76.04,ON_LINE,87
15-May-25 00:00:00,12/27/2024,12/27/2024,278,365,76.04,ON_LINE,87,278,365,76.04,ON_LINE,87
16-May-25 00:00:00,12/27/2024,12/27/2024,278,365,76.04,ON_LINE,87,278,365,76.04,ON_LINE,87
17-May-25 00:00:00,12/27/2024,12/27/2024,278,365,76.04,ON_LINE,87,278,365,76.04,ON_LINE,87
18-May-25 00:00:00,12/27/2024,12/27/2024,278,365,76.04,ON_LINE,87,278,365,76.04,ON_LINE,87
19-May-25 00:00:00,12/27/2024,12/27/2024,277,365,76.02,ON_LINE,88,277,365,76.02,ON_LINE,88
20-May-25 00:00:00,12/27/2024,12/27/2024,276,365,75.75,ON_LINE,89,276,365,75.75,ON_LINE,89
21-May-25 00:00:00,12/27/2024,12/27/2024,276,365,75.57,ON_LINE,89,276,365,75.57,ON_LINE,89
22-May-25 00:00:00,12/27/2024,12/27/2024,276,365,75.57,ON_LINE,89,276,365,75.57,ON_LINE,89
23-May-25 00:00:00,12/27/2024,12/27/2024,276,365,75.57,ON_LINE,89,276,365,75.57,ON_LINE,89
24-May-25 00:00:00,12/27/2024,12/27/2024,276,365,75.57,ON_LINE,89,276,365,75.57,ON_LINE,89
25-May-25 00:00:00,12/27/2024,12/27/2024,275,365,75.42,ON_LINE,90,275,365,75.42,ON_LINE,90
26-May-25 00:00:00,12/27/2024,12/27/2024,274,365,75.14,ON_LINE,91,274,365,75.14,ON_LINE,91
27-May-25 00:00:00,12/27/2024,12/27/2024,273,365,74.87,ON_LINE,92,273,365,74.87,ON_LINE,92
28-May-25 00:00:00,12/27/2024,12/27/2024,272,365,74.59,ON_LINE,93,272,365,74.59,ON_LINE,93
29-May-25 00:00:00,12/27/2024,12/27/2024,271,365,74.32,ON_LINE,94,271,365,74.32,ON_LINE,94
30-May-25 00:00:00,12/27/2024,12/27/2024,270,365,74.05,ON_LINE,95,270,365,74.05,ON_LINE,95
31-May-25 00:00:00,12/27/2024,12/27/2024,269,365,73.77,ON_LINE,96,269,365,73.77,ON_LINE,96
01-Jun-25 00:00:00,12/27/2024,12/27/2024,268,365,73.50,ON_LINE,97,268,365,73.50,ON_LINE,97
02-Jun-25 00:00:00,12/27/2024,12/27/2024,267,365,73.22,ON_LINE,98,267,365,73.22,ON_LINE,98
03-Jun-25 00:00:00,12/27/2024,12/27/2024,266,365,72.95,ON_LINE,99,266,365,72.95,ON_LINE,99
04-Jun-25 00:00:00,12/27/2024,12/27/2024,265,365,72.68,ON_LINE,100,265,365,72.68,ON_LINE,100
05-Jun-25 00:00:00,12/27/2024,12/27/2024,264,365,72.40,ON_LINE,101,264,365,72.40,ON_LINE,101
06-Jun-25 00:00:00,12/27/2024,12/27/2024,263,365,72.13,ON_LINE,102,263,365,72.13,ON_LINE,102
07-Jun-25 00:00:00,12/27/2024,12/27/2024,262,365,71.85,ON_LINE,103,262,365,71.85,ON_LINE,103
08-Jun-25 00:00:00,12/27/2024,12/27/2024,261,365,71.58,ON_LINE,104,261,365,71.58,ON_LINE,104
09-Jun-25 00:00:00,12/27/2024,12/27/2024,260,365,71.31,ON_LINE,105,260,365,71.31,ON_LINE,105
10-Jun-25 00:00:00,12/27/2024,12/27/2024,259,365,71.03,ON_LINE,106,259,365,71.03,ON_LINE,106
11-Jun-25 00:00:00,12/27/2024,12/27/2024,258,365,70.76,ON_LINE,107,258,365,70.76,ON_LINE,107
12-Jun-25 00:00:00,12/27/2024,12/27/2024,257,365,70.48,ON_LINE,108,257,365,70.48,ON_LINE,108
13-Jun-25 00:00:00,12/27/2024,12/27/2024,256,365,70.21,ON_LINE,109,256,365,70.21,ON_LINE,109
14-Jun-25 00:00:00,12/27/2024,12/27/2024,255,365,69.94,ON_LINE,110,255,365,69.94,ON_LINE,110
15-Jun-25 00:00:00,12/27/2024,12/27/2024,254,365,69.66,ON_LINE,111,254,365,69.66,ON_LINE,111
16-Jun-25 00:00:00,12/27/2024,12/27/2024,253,365,69.39,ON_LINE,112,253,365,69.39,ON_LINE,112
17-Jun-25 00:00:00,12/27/2024,12/27/2024,252,365,69.11,ON_LINE,113,252,365,69.11,ON_LINE,113
18-Jun-25 00:00:00,12/27/2024,12/27/2024,251,365,68.84,ON_LINE,114,251,365,68.84,ON_LINE,114
19-Jun-25 00:00:00,12/27/2024,12/27/2024,250,365,68.57,ON_LINE,115,250,365,68.57,ON_LINE,115
20-Jun-25 00:00:00,12/27/2024,12/27/2024,249,365,68.29,ON_LINE,116,249,365,68.29,ON_LINE,116
21-Jun-25 00:00:00,12/27/2024,12/27/2024,248,365,68.02,ON_LINE,117,248,365,68.02,ON_LINE,117
22-Jun-25 00:00:00,12/27/2024,12/27/2024,247,365,67.74,ON_LINE,118,247,365,67.74,ON_LINE,118
23-Jun-25 00:00:00,12/27/2024,12/27/2024,246,365,67.47,ON_LINE,119,246,365,67.47,ON_LINE,119
24-Jun-25 00:00:00,12/27/2024,12/27/2024,245,365,67.20,ON_LINE,120,245,365,67.20,ON_LINE,120
25-Jun-25 00:00:00,12/27/2024,12/27/2024,245,365,67.01,ON_LINE,120,245,365,67.01,ON_LINE,120
26-Jun-25 00:00:00,12/27/2024,12/27/2024,245,365,67.01,ON_LINE,120,245,365,67.01,ON_LINE,120
27-Jun-25 00:00:00,12/27/2024,12/27/2024,245,365,67.01,ON_LINE,120,245,365,67.01,ON_LINE,120
28-Jun-25 00:00:00,12/27/2024,12/27/2024,245,365,67.01,ON_LINE,120,245,365,67.01,ON_LINE,120
29-Jun-25 00:00:00,12/27/2024,12/27/2024,244,365,67.00,ON_LINE,121,244,365,67.00,ON_LINE,121
30-Jun-25 00:00:00,12/27/2024,12/27/2024,243,365,66.72,ON_LINE,122,243,365,66.72,ON_LINE,122
01-Jul-25 00:00:00,12/27/2024,12/27/2024,242,365,66.45,ON_LINE,123,242,365,66.45,ON_LINE,123
02-Jul-25 00:00:00,12/27/2024,12/27/2024,241,365,66.17,ON_LINE,124,241,365,66.17,ON_LINE,124
03-Jul-25 00:00:00,12/27/2024,12/27/2024,240,365,65.90,ON_LINE,125,240,365,65.90,ON_LINE,125
04-Jul-25 00:00:00,12/27/2024,12/27/2024,239,365,65.63,ON_LINE,126,239,365,65.63,ON_LINE,126
05-Jul-25 00:00:00,12/27/2024,12/27/2024,238,365,65.35,ON_LINE,127,238,365,65.35,ON_LINE,127
06-Jul-25 00:00:00,12/27/2024,12/27/2024,237,365,65.08,ON_LINE,128,237,365,65.08,ON_LINE,128
07-Jul-25 00:00:00,12/27/2024,12/27/2024,236,365,64.80,ON_LINE,129,236,365,64.80,ON_LINE,129
08-Jul-25 00:00:00,12/27/2024,12/27/2024,235,365,64.53,ON_LINE,130,235,365,64.53,ON_LINE,130
09-Jul-25 00:00:00,12/27/2024,12/27/2024,235,365,64.26,ON_LINE,130,235,365,64.26,ON_LINE,130
10-Jul-25 00:00:00,12/27/2024,12/27/2024,234,365,63.99,ON_LINE,131,234,365,63.99,ON_LINE,131
11-Jul-25 00:00:00,12/27/2024,12/27/2024,233,365,63.71,ON_LINE,132,233,365,63.71,ON_LINE,132
12-Jul-25 00:00:00,12/27/2024,12/27/2024,232,365,63.44,ON_LINE,133,232,365,63.44,ON_LINE,133
13-Jul-25 00:00:00,12/27/2024,12/27/2024,231,365,63.17,ON_LINE,134,231,365,63.17,ON_LINE,134
14-Jul-25 00:00:00,12/27/2024,12/27/2024,230,365,62.89,ON_LINE,135,230,365,62.89,ON_LINE,135
15-Jul-25 00:00:00,12/27/2024,12/27/2024,229,365,62.62,ON_LINE,136,229,365,62.62,ON_LINE,136
16-Jul-25 00:00:00,12/27/2024,12/27/2024,228,365,62.34,ON_LINE,137,228,365,62.34,ON_LINE,137
17-Jul-25 00:00:00,12/27/2024,12/27/2024,227,365,62.07,ON_LINE,138,227,365,62.07,ON_LINE,138
18-Jul-25 00:00:00,12/27/2024,12/27/2024,226,365,61.80,ON_LINE,139,226,365,61.80,ON_LINE,139
19-Jul-25 00:00:00,12/27/2024,12/27/2024,225,365,61.52,ON_LINE,140,225,365,61.52,ON_LINE,140
20-Jul-25 00:00:00,12/27/2024,12/27/2024,224,365,61.25,ON_LINE,141,224,365,61.25,ON_LINE,141
21-Jul-25 00:00:00,12/27/2024,12/27/2024,223,365,60.98,ON_LINE,142,223,365,60.98,ON_LINE,142
22-Jul-25 00:00:00,12/27/2024,12/27/2024,222,365,60.84,ON_LINE,143,222,365,60.84,ON_LINE,143
23-Jul-25 00:00:00,12/27/2024,12/27/2024,222,365,60.82,ON_LINE,143,222,365,60.82,ON_LINE,143
24-Jul-25 00:00:00,12/27/2024,12/27/2024,221,365,60.55,ON_LINE,144,221,365,60.55,ON_LINE,144
25-Jul-25 00:00:00,12/27/2024,12/27/2024,220,365,60.27,ON_LINE,145,220,365,60.27,ON_LINE,145
26-Jul-25 00:00:00,12/27/2024,12/27/2024,219,365,60.00,ON_LINE,146,219,365,60.00,ON_LINE,146
27-Jul-25 00:00:00,12/27/2024,12/27/2024,218,365,59.73,ON_LINE,147,218,365,59.73,ON_LINE,147
28-Jul-25 00:00:00,12/27/2024,12/27/2024,217,365,59.45,ON_LINE,148,217,365,59.45,ON_LINE,148
29-Jul-25 00:00:00,12/27/2024,12/27/2024,216,365,59.18,ON_LINE,149,216,365,59.18,ON_LINE,149
30-Jul-25 00:00:00,12/27/2024,12/27/2024,215,365,58.90,ON_LINE,150,215,365,58.90,ON_LINE,150
31-Jul-25 00:00:00,12/27/2024,12/27/2024,214,365,58.63,ON_LINE,151,214,365,58.63,ON_LINE,151
01-Aug-25 00:00:00,12/27/2024,12/27/2024,213,365,58.47,ON_LINE,152,213,365,58.47,ON_LINE,152
02-Aug-25 00:00:00,12/27/2024,12/27/2024,213,365,58.47,ON_LINE,152,213,365,58.47,ON_LINE,152
03-Aug-25 00:00:00,12/27/2024,12/27/2024,213,365,58.47,ON_LINE,152,213,365,58.47,ON_LINE,152
04-Aug-25 00:00:00,12/27/2024,12/27/2024,213,365,58.47,ON_LINE,152,213,365,58.47,ON_LINE,152
05-Aug-25 00:00:00,12/27/2024,12/27/2024,213,365,58.47,ON_LINE,152,213,365,58.47,ON_LINE,152
06-Aug-25 00:00:00,12/27/2024,12/27/2024,213,365,58.47,ON_LINE,152,213,365,58.47,ON_LINE,152
07-Aug-25 00:00:00,12/27/2024,12/27/2024,213,365,58.47,ON_LINE,152,213,365,58.47,ON_LINE,152
08-Aug-25 00:00:00,12/27/2024,12/27/2024,213,365,58.47,ON_LINE,152,213,365,58.47,ON_LINE,152
09-Aug-25 00:00:00,12/27/2024,12/27/2024,213,365,58.47,ON_LINE,152,213,365,58.47,ON_LINE,152
10-Aug-25 00:00:00,12/27/2024,12/27/2024,213,365,58.47,ON_LINE,152,213,365,58.47,ON_LINE,152
11-Aug-25 00:00:00,12/27/2024,12/27/2024,213,365,58.47,ON_LINE,152,213,365,58.47,ON_LINE,152
12-Aug-25 00:00:00,12/27/2024,12/27/2024,213,365,58.47,ON_LINE,152,213,365,58.47,ON_LINE,152
13-Aug-25 00:00:00,12/27/2024,12/27/2024,213,365,58.47,ON_LINE,152,213,365,58.47,ON_LINE,152
14-Aug-25 00:00:00,12/27/2024,12/27/2024,213,365,58.47,ON_LINE,152,213,365,58.47,ON_LINE,152
15-Aug-25 00:00:00,12/27/2024,12/27/2024,213,365,58.31,ON_LINE,152,213,365,58.31,ON_LINE,152
16-Aug-25 00:00:00,12/27/2024,12/27/2024,212,365,58.03,ON_LINE,153,212,365,58.03,ON_LINE,153
17-Aug-25 00:00:00,12/27/2024,12/27/2024,211,365,57.76,ON_LINE,154,211,365,57.76,ON_LINE,154
18-Aug-25 00:00:00,12/27/2024,12/27/2024,210,365,57.48,ON_LINE,155,210,365,57.48,ON_LINE,155
19-Aug-25 00:00:00,12/27/2024,12/27/2024,209,365,57.21,ON_LINE,156,209,365,57.21,ON_LINE,156
20-Aug-25 00:00:00,12/27/2024,12/27/2024,208,365,56.94,ON_LINE,157,208,365,56.94,ON_LINE,157
21-Aug-25 00:00:00,12/27/2024,12/27/2024,207,365,56.66,ON_LINE,158,207,365,56.66,ON_LINE,158
22-Aug-25 00:00:00,12/27/2024,12/27/2024,206,365,56.40,ON_LINE,159,206,365,56.40,ON_LINE,159
23-Aug-25 00:00:00,12/27/2024,12/27/2024,205,365,56.13,ON_LINE,160,205,365,56.13,ON_LINE,160
24-Aug-25 00:00:00,12/27/2024,12/27/2024,204,365,55.85,ON_LINE,161,204,365,55.85,ON_LINE,161
25-Aug-25 00:00:00,12/27/2024,12/27/2024,203,365,55.58,ON_LINE,162,203,365,55.58,ON_LINE,162
26-Aug-25 00:00:00,12/27/2024,12/27/2024,202,365,55.31,ON_LINE,163,202,365,55.31,ON_LINE,163
27-Aug-25 00:00:00,12/27/2024,12/27/2024,201,365,55.20,ON_LINE,164,201,365,55.20,ON_LINE,164
28-Aug-25 00:00:00,12/27/2024,12/27/2024,201,365,55.20,ON_LINE,164,201,365,55.20,ON_LINE,164
29-Aug-25 00:00:00,12/27/2024,12/27/2024,201,365,55.20,ON_LINE,164,201,365,55.20,ON_LINE,164
30-Aug-25 00:00:00,12/27/2024,12/27/2024,201,365,55.20,ON_LINE,164,201,365,55.20,ON_LINE,164
31-Aug-25 00:00:00,12/27/2024,12/27/2024,201,365,55.20,ON_LINE,164,201,365,55.20,ON_LINE,164
01-Sep-25 00:00:00,12/27/2024,12/27/2024,201,365,55.20,ON_LINE,164,201,365,55.20,ON_LINE,164
02-Sep-25 00:00:00,12/27/2024,12/27/2024,201,365,55.20,ON_LINE,164,201,365,55.20,ON_LINE,164
03-Sep-25 00:00:00,12/27/2024,12/27/2024,201,365,55.20,ON_LINE,164,201,365,55.20,ON_LINE,164
04-Sep-25 00:00:00,12/27/2024,12/27/2024,201,365,55.04,ON_LINE,164,201,365,55.04,ON_LINE,164