Date,A_NORTH.LAST_MINI_OIL_SIDE_SM,A_NORTH.LAST_OIL_SIDE_SM,A_NORTH_MINI_OIL_SIDE.DAYS_LEFT,A_NORTH_MINI_OIL_SIDE.EXPECTED_LIFE,A_NORTH_MINI_OIL_SIDE.RESID_LIFE_%,A_NORTH_MINI_OIL_SIDE.RLIFE_STATUS,A_NORTH_OIL_SIDE.DAYS_LEFT,A_NORTH_OIL_SIDE.EXPECTED_LIFE,A_NORTH_OIL_SIDE.RESID_LIFE_%,A_NORTH_OIL_SIDE.RLIFE_STATUS,A_NORTH_OIL_SIDE.RUNDAYS,A_SOUTH.LAST_MINI_OIL_SIDE_SM,A_SOUTH.LAST_OIL_SIDE_SM,A_SOUTH_MINI_OIL_SIDE.DAYS_LEFT,A_SOUTH_MINI_OIL_SIDE.EXPECTED_LIFE,A_SOUTH_MINI_OIL_SIDE.RESID_LIFE_%,A_SOUTH_MINI_OIL_SIDE.RLIFE_STATUS,A_SOUTH_OIL_SIDE.DAYS_LEFT,A_SOUTH_OIL_SIDE.EXPECTED_LIFE,A_SOUTH_OIL_SIDE.RESID_LIFE_%,A_SOUTH_OIL_SIDE.RLIFE_STATUS,A_SOUTH_OIL_SIDE.RUNDAYS,A_LAST_MUD_SIDE_SM,A_MUD_SIDE.DAYS_LEFT,A_MUD_SIDE.EXPECTED_LIFE,A_MUD_SIDE.RESID_LIFE_%,A_MUD_SIDE.RLIFE_STATUS
03-Sep-24 00:00:00,3/31/2023,1/18/2023,-157,365,-43.00,ON_LINE,-7,365,-2,ON_LINE,372,3/31/2023,1/18/2023,-157,365,-43.00,ON_LINE,-7,365,-1.84,ON_LINE,372,1/8/2016,-2981,180,-1656.06,ON_LINE
04-Sep-24 00:00:00,3/31/2023,1/18/2023,-158,365,-43.28,ON_LINE,-8,365,-2,ON_LINE,373,3/31/2023,1/18/2023,-158,365,-43.28,ON_LINE,-8,365,-2.12,ON_LINE,373,1/8/2016,-2982,180,-1656.62,ON_LINE
05-Sep-24 00:00:00,3/31/2023,1/18/2023,-159,365,-43.55,ON_LINE,-9,365,-2,ON_LINE,374,3/31/2023,1/18/2023,-159,365,-43.55,ON_LINE,-9,365,-2.39,ON_LINE,374,1/8/2016,-2983,180,-1657.18,ON_LINE
06-Sep-24 00:00:00,3/31/2023,1/18/2023,-160,365,-43.82,ON_LINE,-10,365,-3,ON_LINE,375,3/31/2023,1/18/2023,-160,365,-43.82,ON_LINE,-10,365,-2.67,ON_LINE,375,1/8/2016,-2984,180,-1657.73,ON_LINE
07-Sep-24 00:00:00,3/31/2023,1/18/2023,-161,365,-44.10,ON_LINE,-11,365,-3,ON_LINE,376,3/31/2023,1/18/2023,-161,365,-44.10,ON_LINE,-11,365,-2.94,ON_LINE,376,1/8/2016,-2985,180,-1658.29,ON_LINE
08-Sep-24 00:00:00,3/31/2023,1/18/2023,-162,365,-44.37,ON_LINE,-12,365,-3,ON_LINE,377,3/31/2023,1/18/2023,-162,365,-44.37,ON_LINE,-12,365,-3.21,ON_LINE,377,1/8/2016,-2986,180,-1658.84,ON_LINE
09-Sep-24 00:00:00,3/31/2023,1/18/2023,-163,365,-44.65,ON_LINE,-13,365,-3,ON_LINE,378,3/31/2023,1/18/2023,-163,365,-44.65,ON_LINE,-13,365,-3.49,ON_LINE,378,1/8/2016,-2987,180,-1659.40,ON_LINE
10-Sep-24 00:00:00,3/31/2023,9/10/2024,-164,365,-44.92,ON_LINE,-14,365,-4,ON_LINE,379,3/31/2023,9/10/2024,-164,365,-44.92,ON_LINE,-14,365,-3.76,ON_LINE,379,1/8/2016,-2988,180,-1659.95,ON_LINE
11-Sep-24 00:00:00,3/31/2023,9/10/2024,-165,365,-45.19,ON_LINE,364,365,100,ON_LINE,1,3/31/2023,9/10/2024,-165,365,-45.19,ON_LINE,364,365,99.74,ON_LINE,1,1/8/2016,-2989,180,-1660.51,ON_LINE
12-Sep-24 00:00:00,3/31/2023,9/10/2024,-166,365,-45.47,ON_LINE,363,365,99,ON_LINE,2,3/31/2023,9/10/2024,-166,365,-45.47,ON_LINE,363,365,99.46,ON_LINE,2,1/8/2016,-2990,180,-1661.06,ON_LINE
13-Sep-24 00:00:00,3/31/2023,9/10/2024,-167,365,-45.74,ON_LINE,362,365,99,ON_LINE,3,3/31/2023,9/10/2024,-167,365,-45.74,ON_LINE,362,365,99.19,ON_LINE,3,1/8/2016,-2991,180,-1661.62,ON_LINE
14-Sep-24 00:00:00,3/31/2023,9/10/2024,-168,365,-46.02,ON_LINE,361,365,99,ON_LINE,4,3/31/2023,9/10/2024,-168,365,-46.02,ON_LINE,361,365,98.92,ON_LINE,4,1/8/2016,-2992,180,-1662.18,ON_LINE
15-Sep-24 00:00:00,3/31/2023,9/10/2024,-169,365,-46.29,ON_LINE,360,365,99,ON_LINE,5,3/31/2023,9/10/2024,-169,365,-46.29,ON_LINE,360,365,98.64,ON_LINE,5,1/8/2016,-2993,180,-1662.73,ON_LINE
16-Sep-24 00:00:00,3/31/2023,9/10/2024,-170,365,-46.56,ON_LINE,359,365,98,ON_LINE,6,3/31/2023,9/10/2024,-170,365,-46.56,ON_LINE,359,365,98.37,ON_LINE,6,1/8/2016,-2994,180,-1663.29,ON_LINE
17-Sep-24 00:00:00,3/31/2023,9/10/2024,-171,365,-46.84,ON_LINE,358,365,98,ON_LINE,7,3/31/2023,9/10/2024,-171,365,-46.84,ON_LINE,358,365,98.09,ON_LINE,7,1/8/2016,-2995,180,-1663.84,ON_LINE
18-Sep-24 00:00:00,3/31/2023,9/10/2024,-172,365,-47.11,ON_LINE,357,365,98,ON_LINE,8,3/31/2023,9/10/2024,-172,365,-47.11,ON_LINE,357,365,97.82,ON_LINE,8,1/8/2016,-2996,180,-1664.40,ON_LINE
19-Sep-24 00:00:00,3/31/2023,9/10/2024,-173,365,-47.39,ON_LINE,356,365,98,ON_LINE,9,3/31/2023,9/10/2024,-173,365,-47.39,ON_LINE,356,365,97.55,ON_LINE,9,1/8/2016,-2997,180,-1664.95,ON_LINE
20-Sep-24 00:00:00,3/31/2023,9/10/2024,-174,365,-47.66,ON_LINE,355,365,97,ON_LINE,10,3/31/2023,9/10/2024,-174,365,-47.66,ON_LINE,355,365,97.27,ON_LINE,10,1/8/2016,-2998,180,-1665.51,ON_LINE
21-Sep-24 00:00:00,3/31/2023,9/10/2024,-175,365,-47.93,ON_LINE,354,365,97,ON_LINE,11,3/31/2023,9/10/2024,-175,365,-47.93,ON_LINE,354,365,97.00,ON_LINE,11,1/8/2016,-2999,180,-1666.06,ON_LINE
22-Sep-24 00:00:00,3/31/2023,9/10/2024,-176,365,-48.21,ON_LINE,353,365,97,ON_LINE,12,3/31/2023,9/10/2024,-176,365,-48.21,ON_LINE,353,365,96.72,ON_LINE,12,1/8/2016,-3000,180,-1666.62,ON_LINE
23-Sep-24 00:00:00,3/31/2023,9/10/2024,-177,365,-48.48,ON_LINE,352,365,96,ON_LINE,13,3/31/2023,9/10/2024,-177,365,-48.48,ON_LINE,352,365,96.45,ON_LINE,13,1/8/2016,-3001,180,-1667.18,ON_LINE
24-Sep-24 00:00:00,3/31/2023,9/10/2024,-178,365,-48.76,ON_LINE,351,365,96,ON_LINE,14,3/31/2023,9/10/2024,-178,365,-48.76,ON_LINE,351,365,96.18,ON_LINE,14,1/8/2016,-3002,180,-1667.73,ON_LINE
25-Sep-24 00:00:00,3/31/2023,9/10/2024,-179,365,-49.03,ON_LINE,350,365,96,ON_LINE,15,3/31/2023,9/10/2024,-179,365,-49.03,ON_LINE,350,365,95.90,ON_LINE,15,1/8/2016,-3003,180,-1668.29,ON_LINE
26-Sep-24 00:00:00,3/31/2023,9/10/2024,-180,365,-49.30,ON_LINE,349,365,96,ON_LINE,16,3/31/2023,9/10/2024,-180,365,-49.30,ON_LINE,349,365,95.63,ON_LINE,16,1/8/2016,-3004,180,-1668.84,ON_LINE
27-Sep-24 00:00:00,3/31/2023,9/10/2024,-181,365,-49.58,ON_LINE,348,365,95,ON_LINE,17,3/31/2023,9/10/2024,-181,365,-49.58,ON_LINE,348,365,95.35,ON_LINE,17,1/8/2016,-3005,180,-1669.40,ON_LINE
28-Sep-24 00:00:00,3/31/2023,9/10/2024,-182,365,-49.85,ON_LINE,347,365,95,ON_LINE,18,3/31/2023,9/10/2024,-182,365,-49.85,ON_LINE,347,365,95.08,ON_LINE,18,1/8/2016,-3006,180,-1669.95,ON_LINE
29-Sep-24 00:00:00,3/31/2023,9/10/2024,-183,365,-50.13,ON_LINE,346,365,95,ON_LINE,19,3/31/2023,9/10/2024,-183,365,-50.13,ON_LINE,346,365,94.81,ON_LINE,19,1/8/2016,-3007,180,-1670.51,ON_LINE
30-Sep-24 00:00:00,3/31/2023,9/10/2024,-184,365,-50.40,ON_LINE,345,365,95,ON_LINE,20,3/31/2023,9/10/2024,-184,365,-50.40,ON_LINE,345,365,94.53,ON_LINE,20,1/8/2016,-3008,180,-1671.06,ON_LINE
01-Oct-24 00:00:00,3/31/2023,9/10/2024,-185,365,-50.67,ON_LINE,344,365,94,ON_LINE,21,3/31/2023,9/10/2024,-185,365,-50.67,ON_LINE,344,365,94.26,ON_LINE,21,1/8/2016,-3009,180,-1671.62,ON_LINE
02-Oct-24 00:00:00,3/31/2023,9/10/2024,-186,365,-50.95,ON_LINE,343,365,94,ON_LINE,22,3/31/2023,9/10/2024,-186,365,-50.95,ON_LINE,343,365,93.98,ON_LINE,22,1/8/2016,-3010,180,-1672.18,ON_LINE
03-Oct-24 00:00:00,3/31/2023,9/10/2024,-187,365,-51.22,ON_LINE,342,365,94,ON_LINE,23,3/31/2023,9/10/2024,-187,365,-51.22,ON_LINE,342,365,93.71,ON_LINE,23,1/8/2016,-3011,180,-1672.73,ON_LINE
04-Oct-24 00:00:00,3/31/2023,9/10/2024,-188,365,-51.50,ON_LINE,341,365,93,ON_LINE,24,3/31/2023,9/10/2024,-188,365,-51.50,ON_LINE,341,365,93.44,ON_LINE,24,1/8/2016,-3012,180,-1673.29,ON_LINE
05-Oct-24 00:00:00,3/31/2023,9/10/2024,-189,365,-51.77,ON_LINE,340,365,93,ON_LINE,25,3/31/2023,9/10/2024,-189,365,-51.77,ON_LINE,340,365,93.16,ON_LINE,25,1/8/2016,-3013,180,-1673.84,ON_LINE
06-Oct-24 00:00:00,3/31/2023,9/10/2024,-190,365,-52.04,ON_LINE,339,365,93,ON_LINE,26,3/31/2023,9/10/2024,-190,365,-52.04,ON_LINE,339,365,92.89,ON_LINE,26,1/8/2016,-3014,180,-1674.40,ON_LINE
07-Oct-24 00:00:00,3/31/2023,9/10/2024,-191,365,-52.32,ON_LINE,338,365,93,ON_LINE,27,3/31/2023,9/10/2024,-191,365,-52.32,ON_LINE,338,365,92.61,ON_LINE,27,1/8/2016,-3015,180,-1674.95,ON_LINE
08-Oct-24 00:00:00,3/31/2023,9/10/2024,-192,365,-52.59,ON_LINE,337,365,92,ON_LINE,28,3/31/2023,9/10/2024,-192,365,-52.59,ON_LINE,337,365,92.34,ON_LINE,28,1/8/2016,-3016,180,-1675.51,ON_LINE
09-Oct-24 00:00:00,3/31/2023,9/10/2024,-193,365,-52.87,ON_LINE,336,365,92,ON_LINE,29,3/31/2023,9/10/2024,-193,365,-52.87,ON_LINE,336,365,92.07,ON_LINE,29,1/8/2016,-3017,180,-1676.06,ON_LINE
10-Oct-24 00:00:00,3/31/2023,9/10/2024,-194,365,-53.14,ON_LINE,335,365,92,ON_LINE,30,3/31/2023,9/10/2024,-194,365,-53.14,ON_LINE,335,365,91.79,ON_LINE,30,1/8/2016,-3018,180,-1676.62,ON_LINE
11-Oct-24 00:00:00,3/31/2023,9/10/2024,-195,365,-53.41,ON_LINE,334,365,92,ON_LINE,31,3/31/2023,9/10/2024,-195,365,-53.41,ON_LINE,334,365,91.52,ON_LINE,31,1/8/2016,-3019,180,-1677.18,ON_LINE
12-Oct-24 00:00:00,3/31/2023,9/10/2024,-196,365,-53.69,ON_LINE,333,365,91,ON_LINE,32,3/31/2023,9/10/2024,-196,365,-53.69,ON_LINE,333,365,91.24,ON_LINE,32,1/8/2016,-3020,180,-1677.73,ON_LINE
13-Oct-24 00:00:00,3/31/2023,9/10/2024,-197,365,-53.96,ON_LINE,332,365,91,ON_LINE,33,3/31/2023,9/10/2024,-197,365,-53.96,ON_LINE,332,365,90.97,ON_LINE,33,1/8/2016,-3021,180,-1678.29,ON_LINE
14-Oct-24 00:00:00,3/31/2023,9/10/2024,-198,365,-54.24,ON_LINE,331,365,91,ON_LINE,34,3/31/2023,9/10/2024,-198,365,-54.24,ON_LINE,331,365,90.70,ON_LINE,34,1/8/2016,-3022,180,-1678.84,ON_LINE
15-Oct-24 00:00:00,3/31/2023,9/10/2024,-199,365,-54.51,ON_LINE,330,365,90,ON_LINE,35,3/31/2023,9/10/2024,-199,365,-54.51,ON_LINE,330,365,90.42,ON_LINE,35,1/8/2016,-3023,180,-1679.40,ON_LINE
16-Oct-24 00:00:00,3/31/2023,9/10/2024,-200,365,-54.78,ON_LINE,329,365,90,ON_LINE,36,3/31/2023,9/10/2024,-200,365,-54.78,ON_LINE,329,365,90.15,ON_LINE,36,1/8/2016,-3024,180,-1679.95,ON_LINE
17-Oct-24 00:00:00,3/31/2023,9/10/2024,-201,365,-55.06,ON_LINE,328,365,90,ON_LINE,37,3/31/2023,9/10/2024,-201,365,-55.06,ON_LINE,328,365,89.87,ON_LINE,37,1/8/2016,-3025,180,-1680.51,ON_LINE
18-Oct-24 00:00:00,3/31/2023,9/10/2024,-202,365,-55.33,ON_LINE,327,365,90,ON_LINE,38,3/31/2023,9/10/2024,-202,365,-55.33,ON_LINE,327,365,89.60,ON_LINE,38,1/8/2016,-3026,180,-1681.06,ON_LINE
19-Oct-24 00:00:00,3/31/2023,9/10/2024,-203,365,-55.61,ON_LINE,326,365,89,ON_LINE,39,3/31/2023,9/10/2024,-203,365,-55.61,ON_LINE,326,365,89.33,ON_LINE,39,1/8/2016,-3027,180,-1681.62,ON_LINE
20-Oct-24 00:00:00,3/31/2023,9/10/2024,-204,365,-55.88,ON_LINE,325,365,89,ON_LINE,40,3/31/2023,9/10/2024,-204,365,-55.88,ON_LINE,325,365,89.05,ON_LINE,40,1/8/2016,-3028,180,-1682.18,ON_LINE
21-Oct-24 00:00:00,3/31/2023,9/10/2024,-205,365,-56.15,ON_LINE,324,365,89,ON_LINE,41,3/31/2023,9/10/2024,-205,365,-56.15,ON_LINE,324,365,88.78,ON_LINE,41,1/8/2016,-3029,180,-1682.73,ON_LINE
22-Oct-24 00:00:00,3/31/2023,9/10/2024,-206,365,-56.43,ON_LINE,323,365,89,ON_LINE,42,3/31/2023,9/10/2024,-206,365,-56.43,ON_LINE,323,365,88.51,ON_LINE,42,1/8/2016,-3030,180,-1683.29,ON_LINE
23-Oct-24 00:00:00,3/31/2023,9/10/2024,-207,365,-56.70,ON_LINE,322,365,88,ON_LINE,43,3/31/2023,9/10/2024,-207,365,-56.70,ON_LINE,322,365,88.24,ON_LINE,43,1/8/2016,-3031,180,-1683.84,ON_LINE
24-Oct-24 00:00:00,3/31/2023,9/10/2024,-208,365,-56.97,ON_LINE,321,365,88,ON_LINE,44,3/31/2023,9/10/2024,-208,365,-56.97,ON_LINE,321,365,87.96,ON_LINE,44,1/8/2016,-3032,180,-1684.40,ON_LINE
25-Oct-24 00:00:00,3/31/2023,9/10/2024,-209,365,-57.25,ON_LINE,320,365,88,ON_LINE,45,3/31/2023,9/10/2024,-209,365,-57.25,ON_LINE,320,365,87.77,ON_LINE,45,1/8/2016,-3033,180,-1684.95,ON_LINE
26-Oct-24 00:00:00,3/31/2023,9/10/2024,-210,365,-57.52,ON_LINE,320,365,88,ON_LINE,45,3/31/2023,9/10/2024,-210,365,-57.52,ON_LINE,320,365,87.77,ON_LINE,45,1/8/2016,-3034,180,-1685.51,ON_LINE
27-Oct-24 00:00:00,3/31/2023,9/10/2024,-211,365,-57.80,ON_LINE,320,365,88,ON_LINE,45,3/31/2023,9/10/2024,-211,365,-57.80,ON_LINE,320,365,87.66,ON_LINE,45,1/8/2016,-3035,180,-1686.06,ON_LINE
28-Oct-24 00:00:00,3/31/2023,9/10/2024,-212.0416718,365,-58.08,ON_LINE,319,365,87,ON_LINE,46,3/31/2023,9/10/2024,-212,365,-58.08,ON_LINE,319,365,87.37,ON_LINE,46,1/8/2016,-3036,180,-1686.64,ON_LINE
29-Oct-24 00:00:00,3/31/2023,9/10/2024,-213.0416718,365,-58.36,ON_LINE,318,365,87,ON_LINE,47,3/31/2023,9/10/2024,-213,365,-58.36,ON_LINE,318,365,87.10,ON_LINE,47,1/8/2016,-3037,180,-1687.20,ON_LINE
30-Oct-24 00:00:00,3/31/2023,9/10/2024,-214.0416718,365,-58.63,ON_LINE,317,365,87,ON_LINE,48,3/31/2023,9/10/2024,-214,365,-58.63,ON_LINE,317,365,86.82,ON_LINE,48,1/8/2016,-3038,180,-1687.75,ON_LINE
31-Oct-24 00:00:00,3/31/2023,9/10/2024,-215.0416718,365,-58.90,ON_LINE,316,365,87,ON_LINE,49,3/31/2023,9/10/2024,-215,365,-58.90,ON_LINE,316,365,86.55,ON_LINE,49,1/8/2016,-3039,180,-1688.31,ON_LINE
01-Nov-24 00:00:00,3/31/2023,9/10/2024,-216.0416718,365,-59.18,ON_LINE,315,365,86,ON_LINE,50,3/31/2023,9/10/2024,-216,365,-59.18,ON_LINE,315,365,86.28,ON_LINE,50,1/8/2016,-3040,180,-1688.87,ON_LINE
02-Nov-24 00:00:00,3/31/2023,9/10/2024,-217.0416718,365,-59.45,ON_LINE,314,365,86,ON_LINE,51,3/31/2023,9/10/2024,-217,365,-59.45,ON_LINE,314,365,86.00,ON_LINE,51,1/8/2016,-3041,180,-1689.42,ON_LINE
03-Nov-24 00:00:00,3/31/2023,9/10/2024,-218.0416718,365,-59.73,ON_LINE,313,365,86,ON_LINE,52,3/31/2023,9/10/2024,-218,365,-59.73,ON_LINE,313,365,85.73,ON_LINE,52,1/8/2016,-3042,180,-1689.98,ON_LINE
04-Nov-24 00:00:00,3/31/2023,9/10/2024,-219.0416718,365,-60.00,ON_LINE,312,365,85,ON_LINE,53,3/31/2023,9/10/2024,-219,365,-60.00,ON_LINE,312,365,85.46,ON_LINE,53,1/8/2016,-3043,180,-1690.53,ON_LINE
05-Nov-24 00:00:00,3/31/2023,9/10/2024,-220.0416718,365,-60.27,ON_LINE,311,365,85,ON_LINE,54,3/31/2023,9/10/2024,-220,365,-60.27,ON_LINE,311,365,85.18,ON_LINE,54,1/8/2016,-3044,180,-1691.09,ON_LINE
06-Nov-24 00:00:00,3/31/2023,9/10/2024,-221.0416718,365,-60.55,ON_LINE,310,365,85,ON_LINE,55,3/31/2023,9/10/2024,-221,365,-60.55,ON_LINE,310,365,84.91,ON_LINE,55,1/8/2016,-3045,180,-1691.64,ON_LINE
07-Nov-24 00:00:00,3/31/2023,9/10/2024,-222.0416718,365,-60.82,ON_LINE,309,365,85,ON_LINE,56,3/31/2023,9/10/2024,-222,365,-60.82,ON_LINE,309,365,84.63,ON_LINE,56,1/8/2016,-3046,180,-1692.20,ON_LINE
08-Nov-24 00:00:00,3/31/2023,9/10/2024,-223.0416718,365,-61.10,ON_LINE,308,365,84,ON_LINE,57,3/31/2023,9/10/2024,-223,365,-61.10,ON_LINE,308,365,84.36,ON_LINE,57,1/8/2016,-3047,180,-1692.75,ON_LINE
09-Nov-24 00:00:00,3/31/2023,9/10/2024,-224.0416718,365,-61.37,ON_LINE,307,365,84,ON_LINE,58,3/31/2023,9/10/2024,-224,365,-61.37,ON_LINE,307,365,84.09,ON_LINE,58,1/8/2016,-3048,180,-1693.31,ON_LINE
10-Nov-24 00:00:00,3/31/2023,9/10/2024,-225.0416718,365,-61.64,ON_LINE,306,365,84,ON_LINE,59,3/31/2023,9/10/2024,-225,365,-61.64,ON_LINE,306,365,83.81,ON_LINE,59,1/8/2016,-3049,180,-1693.87,ON_LINE
11-Nov-24 00:00:00,3/31/2023,9/10/2024,-226.0416718,365,-61.92,ON_LINE,305,365,84,ON_LINE,60,3/31/2023,9/10/2024,-226,365,-61.92,ON_LINE,305,365,83.54,ON_LINE,60,1/8/2016,-3050,180,-1694.42,ON_LINE
12-Nov-24 00:00:00,3/31/2023,9/10/2024,-227.0416718,365,-62.19,ON_LINE,304,365,83,ON_LINE,61,3/31/2023,9/10/2024,-227,365,-62.19,ON_LINE,304,365,83.26,ON_LINE,61,1/8/2016,-3051,180,-1694.98,ON_LINE
13-Nov-24 00:00:00,3/31/2023,9/10/2024,-228.0416718,365,-62.47,ON_LINE,303,365,83,ON_LINE,62,3/31/2023,9/10/2024,-228,365,-62.47,ON_LINE,303,365,82.99,ON_LINE,62,1/8/2016,-3052,180,-1695.53,ON_LINE
14-Nov-24 00:00:00,3/31/2023,9/10/2024,-229.0416718,365,-62.74,ON_LINE,302,365,83,ON_LINE,63,3/31/2023,9/10/2024,-229,365,-62.74,ON_LINE,302,365,82.72,ON_LINE,63,1/8/2016,-3053,180,-1696.09,ON_LINE
15-Nov-24 00:00:00,3/31/2023,9/10/2024,-230.0416718,365,-63.01,ON_LINE,301,365,82,ON_LINE,64,3/31/2023,9/10/2024,-230,365,-63.01,ON_LINE,301,365,82.44,ON_LINE,64,1/8/2016,-3054,180,-1696.64,ON_LINE
16-Nov-24 00:00:00,3/31/2023,9/10/2024,-231.0416718,365,-63.29,ON_LINE,300,365,82,ON_LINE,65,3/31/2023,9/10/2024,-231,365,-63.29,ON_LINE,300,365,82.17,ON_LINE,65,1/8/2016,-3055,180,-1697.20,ON_LINE
17-Nov-24 00:00:00,3/31/2023,9/10/2024,-232.0416718,365,-63.56,ON_LINE,299,365,82,ON_LINE,66,3/31/2023,9/10/2024,-232,365,-63.56,ON_LINE,299,365,81.91,ON_LINE,66,1/8/2016,-3056,180,-1697.75,ON_LINE
18-Nov-24 00:00:00,3/31/2023,9/10/2024,-233.0416718,365,-63.84,ON_LINE,299,365,82,ON_LINE,66,3/31/2023,9/10/2024,-233,365,-63.84,ON_LINE,299,365,81.91,ON_LINE,66,1/8/2016,-3057,180,-1698.31,ON_LINE
19-Nov-24 00:00:00,3/31/2023,9/10/2024,-234.0416718,365,-64.11,ON_LINE,299,365,82,ON_LINE,66,3/31/2023,9/10/2024,-234,365,-64.11,ON_LINE,299,365,81.91,ON_LINE,66,1/8/2016,-3058,180,-1698.87,ON_LINE
20-Nov-24 00:00:00,3/31/2023,9/10/2024,-235.0416718,365,-64.38,ON_LINE,299,365,82,ON_LINE,66,3/31/2023,9/10/2024,-235,365,-64.38,ON_LINE,299,365,81.84,ON_LINE,66,1/8/2016,-3059,180,-1699.42,ON_LINE
21-Nov-24 00:00:00,3/31/2023,9/10/2024,-236.0416718,365,-64.66,ON_LINE,299,365,82,ON_LINE,66,3/31/2023,9/10/2024,-236,365,-64.66,ON_LINE,299,365,81.82,ON_LINE,66,1/8/2016,-3060,180,-1699.98,ON_LINE
22-Nov-24 00:00:00,3/31/2023,9/10/2024,-237.0416718,365,-64.93,ON_LINE,299,365,82,ON_LINE,66,3/31/2023,9/10/2024,-237,365,-64.93,ON_LINE,299,365,81.82,ON_LINE,66,1/8/2016,-3061,180,-1700.53,ON_LINE
23-Nov-24 00:00:00,3/31/2023,9/10/2024,-238.0416718,365,-65.21,ON_LINE,299,365,82,ON_LINE,66,3/31/2023,9/10/2024,-238,365,-65.21,ON_LINE,299,365,81.82,ON_LINE,66,1/8/2016,-3062,180,-1701.09,ON_LINE
24-Nov-24 00:00:00,3/31/2023,9/10/2024,-239.0416718,365,-65.48,ON_LINE,299,365,82,ON_LINE,66,3/31/2023,9/10/2024,-239,365,-65.48,ON_LINE,299,365,81.82,ON_LINE,66,1/8/2016,-3063,180,-1701.64,ON_LINE
25-Nov-24 00:00:00,3/31/2023,9/10/2024,-240.0416718,365,-65.75,ON_LINE,299,365,82,ON_LINE,66,3/31/2023,9/10/2024,-240,365,-65.75,ON_LINE,299,365,81.82,ON_LINE,66,1/8/2016,-3064,180,-1702.20,ON_LINE
26-Nov-24 00:00:00,3/31/2023,9/10/2024,-241.0416718,365,-66.03,ON_LINE,299,365,82,ON_LINE,66,3/31/2023,9/10/2024,-241,365,-66.03,ON_LINE,299,365,81.82,ON_LINE,66,1/8/2016,-3065,180,-1702.75,ON_LINE
27-Nov-24 00:00:00,3/31/2023,9/10/2024,-242.0416718,365,-66.30,ON_LINE,299,365,82,ON_LINE,66,3/31/2023,9/10/2024,-242,365,-66.30,ON_LINE,299,365,81.82,ON_LINE,66,1/8/2016,-3066,180,-1703.31,ON_LINE
28-Nov-24 00:00:00,3/31/2023,9/10/2024,-243.0416718,365,-66.58,ON_LINE,299,365,82,ON_LINE,66,3/31/2023,9/10/2024,-243,365,-66.58,ON_LINE,299,365,81.82,ON_LINE,66,1/8/2016,-3067,180,-1703.87,ON_LINE
29-Nov-24 00:00:00,3/31/2023,9/10/2024,-244.0416565,365,-66.85,ON_LINE,299,365,82,ON_LINE,66,3/31/2023,9/10/2024,-244,365,-66.85,ON_LINE,299,365,81.82,ON_LINE,66,1/8/2016,-3068,180,-1704.42,ON_LINE
30-Nov-24 00:00:00,3/31/2023,9/10/2024,-245.0416565,365,-67.12,ON_LINE,299,365,82,ON_LINE,66,3/31/2023,9/10/2024,-245,365,-67.12,ON_LINE,299,365,81.82,ON_LINE,66,1/8/2016,-3069,180,-1704.98,ON_LINE
01-Dec-24 00:00:00,3/31/2023,9/10/2024,-246.0416565,365,-67.40,ON_LINE,299,365,82,ON_LINE,66,3/31/2023,9/10/2024,-246,365,-67.40,ON_LINE,299,365,81.82,ON_LINE,66,1/8/2016,-3070,180,-1705.53,ON_LINE
02-Dec-24 00:00:00,3/31/2023,9/10/2024,-247.0416565,365,-67.67,ON_LINE,299,365,82,ON_LINE,66,3/31/2023,9/10/2024,-247,365,-67.67,ON_LINE,299,365,81.82,ON_LINE,66,1/8/2016,-3071,180,-1706.09,ON_LINE
03-Dec-24 00:00:00,3/31/2023,9/10/2024,-248.0416565,365,-67.95,ON_LINE,299,365,82,ON_LINE,66,3/31/2023,9/10/2024,-248,365,-67.95,ON_LINE,299,365,81.82,ON_LINE,66,1/8/2016,-3072,180,-1706.64,ON_LINE
04-Dec-24 00:00:00,3/31/2023,9/10/2024,-249.0416565,365,-68.22,ON_LINE,299,365,82,ON_LINE,66,3/31/2023,9/10/2024,-249,365,-68.22,ON_LINE,299,365,81.82,ON_LINE,66,1/8/2016,-3073,180,-1707.20,ON_LINE
05-Dec-24 00:00:00,3/31/2023,9/10/2024,-250.0416565,365,-68.49,ON_LINE,299,365,82,ON_LINE,66,3/31/2023,9/10/2024,-250,365,-68.49,ON_LINE,299,365,81.82,ON_LINE,66,1/8/2016,-3074,180,-1707.75,ON_LINE
06-Dec-24 00:00:00,3/31/2023,12/6/2024,-251.0416565,365,-68.77,ON_LINE,299,365,82,ON_LINE,66,3/31/2023,12/6/2024,-251,365,-68.77,ON_LINE,299,365,81.82,ON_LINE,66,1/8/2016,-3075,180,-1708.31,ON_LINE
07-Dec-24 00:00:00,3/31/2023,12/6/2024,-252.0416565,365,-69.04,ON_LINE,299,365,82,ON_LINE,66,3/31/2023,12/6/2024,-252,365,-69.04,ON_LINE,299,365,81.82,ON_LINE,66,1/8/2016,-3076,180,-1708.87,ON_LINE
08-Dec-24 00:00:00,3/31/2023,12/6/2024,-253.0416565,365,-69.32,ON_LINE,299,365,82,ON_LINE,66,3/31/2023,12/6/2024,-253,365,-69.32,ON_LINE,299,365,81.82,ON_LINE,66,1/8/2016,-3077,180,-1709.42,ON_LINE
09-Dec-24 00:00:00,3/31/2023,12/6/2024,-254.0416565,365,-69.59,ON_LINE,299,365,82,ON_LINE,66,3/31/2023,12/6/2024,-254,365,-69.59,ON_LINE,299,365,81.82,ON_LINE,66,1/8/2016,-3078,180,-1709.98,ON_LINE
10-Dec-24 00:00:00,3/31/2023,12/6/2024,-255.0416565,365,-69.86,ON_LINE,298,365,82,ON_LINE,67,3/31/2023,12/6/2024,-255,365,-69.86,ON_LINE,298,365,81.66,ON_LINE,67,1/8/2016,-3079,180,-1710.53,ON_LINE
11-Dec-24 00:00:00,3/31/2023,12/6/2024,-256.0416565,365,-70.14,ON_LINE,298,365,82,ON_LINE,67,3/31/2023,12/6/2024,-256,365,-70.14,ON_LINE,298,365,81.59,ON_LINE,67,1/8/2016,-3080,180,-1711.09,ON_LINE
12-Dec-24 00:00:00,3/31/2023,12/6/2024,-257.041687,365,-70.41,ON_LINE,298,365,82,ON_LINE,67,3/31/2023,12/6/2024,-257,365,-70.41,ON_LINE,298,365,81.59,ON_LINE,67,1/8/2016,-3081,180,-1711.64,ON_LINE
13-Dec-24 00:00:00,3/31/2023,12/6/2024,-258.041687,365,-70.68,ON_LINE,298,365,82,ON_LINE,67,3/31/2023,12/6/2024,-258,365,-70.68,ON_LINE,298,365,81.59,ON_LINE,67,1/8/2016,-3082,180,-1712.20,ON_LINE
14-Dec-24 00:00:00,3/31/2023,12/6/2024,-259.041687,365,-70.96,ON_LINE,298,365,82,ON_LINE,67,3/31/2023,12/6/2024,-259,365,-70.96,ON_LINE,298,365,81.58,ON_LINE,67,1/8/2016,-3083,180,-1712.75,ON_LINE
15-Dec-24 00:00:00,3/31/2023,12/6/2024,-260.041687,365,-71.23,ON_LINE,297,365,81,ON_LINE,68,3/31/2023,12/6/2024,-260,365,-71.23,ON_LINE,297,365,81.31,ON_LINE,68,1/8/2016,-3084,180,-1713.31,ON_LINE
16-Dec-24 00:00:00,3/31/2023,12/6/2024,-261.041687,365,-71.51,ON_LINE,296,365,81,ON_LINE,69,3/31/2023,12/6/2024,-261,365,-71.51,ON_LINE,296,365,81.04,ON_LINE,69,1/8/2016,-3085,180,-1713.87,ON_LINE
17-Dec-24 00:00:00,3/31/2023,12/6/2024,-262.041687,365,-71.78,ON_LINE,295,365,81,ON_LINE,70,3/31/2023,12/6/2024,-262,365,-71.78,ON_LINE,295,365,80.76,ON_LINE,70,1/8/2016,-3086,180,-1714.42,ON_LINE
18-Dec-24 00:00:00,3/31/2023,12/6/2024,-263.041687,365,-72.05,ON_LINE,294,365,80,ON_LINE,71,3/31/2023,12/6/2024,-263,365,-72.05,ON_LINE,294,365,80.49,ON_LINE,71,1/8/2016,-3087,180,-1714.98,ON_LINE
19-Dec-24 00:00:00,3/31/2023,12/6/2024,-264.041687,365,-72.33,ON_LINE,293,365,80,ON_LINE,72,3/31/2023,12/6/2024,-264,365,-72.33,ON_LINE,293,365,80.21,ON_LINE,72,1/8/2016,-3088,180,-1715.53,ON_LINE
20-Dec-24 00:00:00,3/31/2023,12/6/2024,-265.041687,365,-72.60,ON_LINE,292,365,80,ON_LINE,73,3/31/2023,12/6/2024,-265,365,-72.60,ON_LINE,292,365,79.94,ON_LINE,73,1/8/2016,-3089,180,-1716.09,ON_LINE
21-Dec-24 00:00:00,3/31/2023,12/6/2024,-266.041687,365,-72.88,ON_LINE,357,365,98,ON_LINE,8,3/31/2023,12/6/2024,-266,365,-72.88,ON_LINE,357,365,97.84,ON_LINE,8,1/8/2016,-3090,180,-1716.64,ON_LINE
22-Dec-24 00:00:00,3/31/2023,12/6/2024,-267.041687,365,-73.15,ON_LINE,356,365,98,ON_LINE,9,3/31/2023,12/6/2024,-267,365,-73.15,ON_LINE,356,365,97.57,ON_LINE,9,1/8/2016,-3091,180,-1717.20,ON_LINE
23-Dec-24 00:00:00,3/31/2023,12/6/2024,-268.041687,365,-73.42,ON_LINE,355,365,97,ON_LINE,10,3/31/2023,12/6/2024,-268,365,-73.42,ON_LINE,355,365,97.30,ON_LINE,10,1/8/2016,-3092,180,-1717.75,ON_LINE
24-Dec-24 00:00:00,3/31/2023,12/6/2024,-269.041687,365,-73.70,ON_LINE,354,365,97,ON_LINE,11,3/31/2023,12/6/2024,-269,365,-73.70,ON_LINE,354,365,97.02,ON_LINE,11,1/8/2016,-3093,180,-1718.31,ON_LINE
25-Dec-24 00:00:00,3/31/2023,12/6/2024,-270.041687,365,-73.97,ON_LINE,353,365,97,ON_LINE,12,3/31/2023,12/6/2024,-270,365,-73.97,ON_LINE,353,365,96.75,ON_LINE,12,1/8/2016,-3094,180,-1718.87,ON_LINE
26-Dec-24 00:00:00,3/31/2023,12/6/2024,-271.041687,365,-74.25,ON_LINE,352,365,96,ON_LINE,13,3/31/2023,12/6/2024,-271,365,-74.25,ON_LINE,352,365,96.47,ON_LINE,13,1/8/2016,-3095,180,-1719.42,ON_LINE
27-Dec-24 00:00:00,3/31/2023,12/6/2024,-272.041687,365,-74.52,ON_LINE,351,365,96,ON_LINE,14,3/31/2023,12/6/2024,-272,365,-74.52,ON_LINE,351,365,96.20,ON_LINE,14,1/8/2016,-3096,180,-1719.98,ON_LINE
28-Dec-24 00:00:00,3/31/2023,12/6/2024,-273.041687,365,-74.79,ON_LINE,350,365,96,ON_LINE,15,3/31/2023,12/6/2024,-273,365,-74.79,ON_LINE,350,365,95.93,ON_LINE,15,1/8/2016,-3097,180,-1720.53,ON_LINE
29-Dec-24 00:00:00,3/31/2023,12/6/2024,-274.041687,365,-75.07,ON_LINE,349,365,96,ON_LINE,16,3/31/2023,12/6/2024,-274,365,-75.07,ON_LINE,349,365,95.65,ON_LINE,16,1/8/2016,-3098,180,-1721.09,ON_LINE
30-Dec-24 00:00:00,3/31/2023,12/6/2024,-275.041687,365,-75.34,ON_LINE,348,365,95,ON_LINE,17,3/31/2023,12/6/2024,-275,365,-75.34,ON_LINE,348,365,95.38,ON_LINE,17,1/8/2016,-3099,180,-1721.64,ON_LINE
31-Dec-24 00:00:00,3/31/2023,12/6/2024,-276.041687,365,-75.62,ON_LINE,347,365,95,ON_LINE,18,3/31/2023,12/6/2024,-276,365,-75.62,ON_LINE,347,365,95.10,ON_LINE,18,1/8/2016,-3100,180,-1722.20,ON_LINE
01-Jan-25 00:00:00,3/31/2023,12/6/2024,-277.041687,365,-75.89,ON_LINE,346,365,95,ON_LINE,19,3/31/2023,12/6/2024,-277,365,-75.89,ON_LINE,346,365,94.83,ON_LINE,19,1/8/2016,-3101,180,-1722.75,ON_LINE
02-Jan-25 00:00:00,3/31/2023,12/6/2024,-278.041687,365,-76.16,ON_LINE,345,365,95,ON_LINE,20,3/31/2023,12/6/2024,-278,365,-76.16,ON_LINE,345,365,94.56,ON_LINE,20,1/8/2016,-3102,180,-1723.31,ON_LINE
03-Jan-25 00:00:00,3/31/2023,12/6/2024,-279.041687,365,-76.44,ON_LINE,344,365,94,ON_LINE,21,3/31/2023,12/6/2024,-279,365,-76.44,ON_LINE,344,365,94.28,ON_LINE,21,1/8/2016,-3103,180,-1723.87,ON_LINE
04-Jan-25 00:00:00,3/31/2023,12/6/2024,-280.041687,365,-76.71,ON_LINE,343,365,94,ON_LINE,22,3/31/2023,12/6/2024,-280,365,-76.71,ON_LINE,343,365,94.01,ON_LINE,22,1/8/2016,-3104,180,-1724.42,ON_LINE
05-Jan-25 00:00:00,3/31/2023,12/6/2024,-281.041687,365,-76.99,ON_LINE,342,365,94,ON_LINE,23,3/31/2023,12/6/2024,-281,365,-76.99,ON_LINE,342,365,93.73,ON_LINE,23,1/8/2016,-3105,180,-1724.98,ON_LINE
06-Jan-25 00:00:00,3/31/2023,12/6/2024,-282.041687,365,-77.26,ON_LINE,341,365,93,ON_LINE,24,3/31/2023,12/6/2024,-282,365,-77.26,ON_LINE,341,365,93.46,ON_LINE,24,1/8/2016,-3106,180,-1725.53,ON_LINE
07-Jan-25 00:00:00,3/31/2023,12/6/2024,-283.041687,365,-77.53,ON_LINE,340,365,93,ON_LINE,25,3/31/2023,12/6/2024,-283,365,-77.53,ON_LINE,340,365,93.19,ON_LINE,25,1/8/2016,-3107,180,-1726.09,ON_LINE
08-Jan-25 00:00:00,3/31/2023,12/6/2024,-284.041687,365,-77.81,ON_LINE,339,365,93,ON_LINE,26,3/31/2023,12/6/2024,-284,365,-77.81,ON_LINE,339,365,92.91,ON_LINE,26,1/8/2016,-3108,180,-1726.64,ON_LINE
09-Jan-25 00:00:00,3/31/2023,12/6/2024,-285.041687,365,-78.08,ON_LINE,338,365,93,ON_LINE,27,3/31/2023,12/6/2024,-285,365,-78.08,ON_LINE,338,365,92.69,ON_LINE,27,1/8/2016,-3109,180,-1727.20,ON_LINE
10-Jan-25 00:00:00,3/31/2023,12/6/2024,-286.041687,365,-78.36,ON_LINE,337,365,92,ON_LINE,28,3/31/2023,12/6/2024,-286,365,-78.36,ON_LINE,337,365,92.41,ON_LINE,28,1/8/2016,-3110,180,-1727.75,ON_LINE
11-Jan-25 00:00:00,3/31/2023,12/6/2024,-287.041687,365,-78.63,ON_LINE,336,365,92,ON_LINE,29,3/31/2023,12/6/2024,-287,365,-78.63,ON_LINE,336,365,92.14,ON_LINE,29,1/8/2016,-3111,180,-1728.31,ON_LINE
12-Jan-25 00:00:00,3/31/2023,12/6/2024,-288.041687,365,-78.90,ON_LINE,335,365,92,ON_LINE,30,3/31/2023,12/6/2024,-288,365,-78.90,ON_LINE,335,365,91.88,ON_LINE,30,1/8/2016,-3112,180,-1728.87,ON_LINE
13-Jan-25 00:00:00,3/31/2023,12/6/2024,-289.041687,365,-79.18,ON_LINE,335,365,92,ON_LINE,30,3/31/2023,12/6/2024,-289,365,-79.18,ON_LINE,335,365,91.88,ON_LINE,30,1/8/2016,-3113,180,-1729.42,ON_LINE
14-Jan-25 00:00:00,3/31/2023,12/6/2024,-290.041687,365,-79.45,ON_LINE,335,365,92,ON_LINE,30,3/31/2023,12/6/2024,-290,365,-79.45,ON_LINE,335,365,91.88,ON_LINE,30,1/8/2016,-3114,180,-1729.98,ON_LINE
15-Jan-25 00:00:00,3/31/2023,12/6/2024,-291.041687,365,-79.73,ON_LINE,335,365,92,ON_LINE,30,3/31/2023,12/6/2024,-291,365,-79.73,ON_LINE,335,365,91.88,ON_LINE,30,1/8/2016,-3115,180,-1730.53,ON_LINE
16-Jan-25 00:00:00,3/31/2023,12/6/2024,-292.041687,365,-80.00,ON_LINE,335,365,92,ON_LINE,30,3/31/2023,12/6/2024,-292,365,-80.00,ON_LINE,335,365,91.74,ON_LINE,30,1/8/2016,-3116,180,-1731.09,ON_LINE
17-Jan-25 00:00:00,3/31/2023,12/6/2024,-293.041687,365,-80.27,ON_LINE,334,365,91,ON_LINE,31,3/31/2023,12/6/2024,-293,365,-80.27,ON_LINE,334,365,91.47,ON_LINE,31,1/8/2016,-3117,180,-1731.64,ON_LINE
18-Jan-25 00:00:00,3/31/2023,12/6/2024,-294.041687,365,-80.55,ON_LINE,333,365,91,ON_LINE,32,3/31/2023,12/6/2024,-294,365,-80.55,ON_LINE,333,365,91.19,ON_LINE,32,1/8/2016,-3118,180,-1732.20,ON_LINE
19-Jan-25 00:00:00,3/31/2023,12/6/2024,-295.041687,365,-80.82,ON_LINE,332,365,91,ON_LINE,33,3/31/2023,12/6/2024,-295,365,-80.82,ON_LINE,332,365,90.92,ON_LINE,33,1/8/2016,-3119,180,-1732.75,ON_LINE
20-Jan-25 00:00:00,3/31/2023,12/6/2024,-296.041687,365,-81.10,ON_LINE,332,365,91,ON_LINE,33,3/31/2023,12/6/2024,-296,365,-81.10,ON_LINE,331,365,90.82,ON_LINE,33,1/8/2016,-3120,180,-1733.31,ON_LINE
21-Jan-25 00:00:00,3/31/2023,12/6/2024,-297.041687,365,-81.37,ON_LINE,332,365,91,ON_LINE,33,3/31/2023,12/6/2024,-297,365,-81.37,ON_LINE,331,365,90.82,ON_LINE,33,1/8/2016,-3121,180,-1733.87,ON_LINE
22-Jan-25 00:00:00,3/31/2023,12/6/2024,-298.041687,365,-81.64,ON_LINE,332,365,91,ON_LINE,33,3/31/2023,12/6/2024,-298,365,-81.64,ON_LINE,331,365,90.82,ON_LINE,33,1/8/2016,-3122,180,-1734.42,ON_LINE
23-Jan-25 00:00:00,3/31/2023,12/6/2024,-299.0416565,365,-81.92,ON_LINE,331,365,91,ON_LINE,34,3/31/2023,12/6/2024,-299,365,-81.92,ON_LINE,331,365,90.82,ON_LINE,34,1/8/2016,-3123,180,-1734.98,ON_LINE
24-Jan-25 00:00:00,3/31/2023,12/6/2024,-300.0416565,365,-82.19,ON_LINE,330,365,91,ON_LINE,35,3/31/2023,12/6/2024,-300,365,-82.19,ON_LINE,330,365,90.55,ON_LINE,35,1/8/2016,-3124,180,-1735.53,ON_LINE
25-Jan-25 00:00:00,3/31/2023,12/6/2024,-301.0416565,365,-82.47,ON_LINE,329,365,90,ON_LINE,36,3/31/2023,12/6/2024,-301,365,-82.47,ON_LINE,329,365,90.28,ON_LINE,36,1/8/2016,-3125,180,-1736.09,ON_LINE
26-Jan-25 00:00:00,3/31/2023,12/6/2024,-302.0416565,365,-82.74,ON_LINE,328,365,90,ON_LINE,37,3/31/2023,12/6/2024,-302,365,-82.74,ON_LINE,328,365,90.00,ON_LINE,37,1/8/2016,-3126,180,-1736.64,ON_LINE
27-Jan-25 00:00:00,3/31/2023,12/6/2024,-303.0416565,365,-83.01,ON_LINE,327,365,90,ON_LINE,38,3/31/2023,12/6/2024,-303,365,-83.01,ON_LINE,327,365,89.73,ON_LINE,38,1/8/2016,-3127,180,-1737.20,ON_LINE
28-Jan-25 00:00:00,3/31/2023,12/6/2024,-304.0416565,365,-83.29,ON_LINE,327,365,89,ON_LINE,38,3/31/2023,12/6/2024,-304,365,-83.29,ON_LINE,327,365,89.47,ON_LINE,38,1/8/2016,-3128,180,-1737.75,ON_LINE
29-Jan-25 00:00:00,3/31/2023,12/6/2024,-305.0416565,365,-83.56,ON_LINE,326,365,89,ON_LINE,39,3/31/2023,12/6/2024,-305,365,-83.56,ON_LINE,326,365,89.20,ON_LINE,39,1/8/2016,-3129,180,-1738.31,ON_LINE
30-Jan-25 00:00:00,3/31/2023,12/6/2024,-306.0416565,365,-83.84,ON_LINE,325,365,89,ON_LINE,40,3/31/2023,12/6/2024,-306,365,-83.84,ON_LINE,325,365,88.93,ON_LINE,40,1/8/2016,-3130,180,-1738.87,ON_LINE
31-Jan-25 00:00:00,3/31/2023,12/6/2024,-307.0416565,365,-84.11,ON_LINE,324,365,89,ON_LINE,41,3/31/2023,12/6/2024,-307,365,-84.11,ON_LINE,324,365,88.65,ON_LINE,41,1/8/2016,-3131,180,-1739.42,ON_LINE
01-Feb-25 00:00:00,3/31/2023,12/6/2024,-308.0416565,365,-84.38,ON_LINE,323,365,88,ON_LINE,42,3/31/2023,12/6/2024,-308,365,-84.38,ON_LINE,323,365,88.38,ON_LINE,42,1/8/2016,-3132,180,-1739.98,ON_LINE
02-Feb-25 00:00:00,3/31/2023,12/6/2024,-309.0416565,365,-84.66,ON_LINE,322,365,88,ON_LINE,43,3/31/2023,12/6/2024,-309,365,-84.66,ON_LINE,322,365,88.10,ON_LINE,43,1/8/2016,-3133,180,-1740.53,ON_LINE
03-Feb-25 00:00:00,3/31/2023,12/6/2024,-310.0416565,365,-84.93,ON_LINE,321,365,88,ON_LINE,44,3/31/2023,12/6/2024,-310,365,-84.93,ON_LINE,321,365,87.83,ON_LINE,44,1/8/2016,-3134,180,-1741.09,ON_LINE
04-Feb-25 00:00:00,3/31/2023,12/6/2024,-311.0416565,365,-85.21,ON_LINE,320,365,88,ON_LINE,45,3/31/2023,12/6/2024,-311,365,-85.21,ON_LINE,320,365,87.56,ON_LINE,45,1/8/2016,-3135,180,-1741.64,ON_LINE
05-Feb-25 00:00:00,3/31/2023,12/6/2024,-312.0416565,365,-85.48,ON_LINE,319,365,87,ON_LINE,46,3/31/2023,12/6/2024,-312,365,-85.48,ON_LINE,319,365,87.28,ON_LINE,46,1/8/2016,-3136,180,-1742.20,ON_LINE
06-Feb-25 00:00:00,3/31/2023,12/6/2024,-313.0416565,365,-85.75,ON_LINE,318,365,87,ON_LINE,47,3/31/2023,12/6/2024,-313,365,-85.75,ON_LINE,318,365,87.01,ON_LINE,47,1/8/2016,-3137,180,-1742.75,ON_LINE
07-Feb-25 00:00:00,3/31/2023,12/6/2024,-314.0416565,365,-86.03,ON_LINE,317,365,87,ON_LINE,48,3/31/2023,12/6/2024,-314,365,-86.03,ON_LINE,317,365,86.73,ON_LINE,48,1/8/2016,-3138,180,-1743.31,ON_LINE
08-Feb-25 00:00:00,3/31/2023,12/6/2024,-315.0416565,365,-86.30,ON_LINE,316,365,86,ON_LINE,49,3/31/2023,12/6/2024,-315,365,-86.30,ON_LINE,316,365,86.46,ON_LINE,49,1/8/2016,-3139,180,-1743.87,ON_LINE
09-Feb-25 00:00:00,3/31/2023,12/6/2024,-316.0416565,365,-86.58,ON_LINE,315,365,86,ON_LINE,50,3/31/2023,12/6/2024,-316,365,-86.58,ON_LINE,315,365,86.19,ON_LINE,50,1/8/2016,-3140,180,-1744.42,ON_LINE
10-Feb-25 00:00:00,3/31/2023,12/6/2024,-317.0416565,365,-86.85,ON_LINE,314,365,86,ON_LINE,51,3/31/2023,12/6/2024,-317,365,-86.85,ON_LINE,314,365,85.91,ON_LINE,51,1/8/2016,-3141,180,-1744.98,ON_LINE
11-Feb-25 00:00:00,3/31/2023,12/6/2024,-318.0416565,365,-87.12,ON_LINE,313,365,86,ON_LINE,52,3/31/2023,12/6/2024,-318,365,-87.12,ON_LINE,313,365,85.64,ON_LINE,52,1/8/2016,-3142,180,-1745.53,ON_LINE
12-Feb-25 00:00:00,3/31/2023,12/6/2024,-319.0416565,365,-87.40,ON_LINE,312,365,85,ON_LINE,53,3/31/2023,12/6/2024,-319,365,-87.40,ON_LINE,312,365,85.41,ON_LINE,53,1/8/2016,-3143,180,-1746.09,ON_LINE
13-Feb-25 00:00:00,3/31/2023,12/6/2024,-320.0416565,365,-87.67,ON_LINE,311,365,85,ON_LINE,54,3/31/2023,12/6/2024,-320,365,-87.67,ON_LINE,311,365,85.13,ON_LINE,54,1/8/2016,-3144,180,-1746.64,ON_LINE
14-Feb-25 00:00:00,3/31/2023,12/6/2024,-321.0416565,365,-87.95,ON_LINE,310,365,85,ON_LINE,55,3/31/2023,12/6/2024,-321,365,-87.95,ON_LINE,310,365,84.86,ON_LINE,55,1/8/2016,-3145,180,-1747.20,ON_LINE
15-Feb-25 00:00:00,3/31/2023,12/6/2024,-322.0416565,365,-88.22,ON_LINE,309,365,85,ON_LINE,56,3/31/2023,12/6/2024,-322,365,-88.22,ON_LINE,309,365,84.59,ON_LINE,56,1/8/2016,-3146,180,-1747.75,ON_LINE
16-Feb-25 00:00:00,3/31/2023,12/6/2024,-323.0416565,365,-88.49,ON_LINE,308,365,84,ON_LINE,57,3/31/2023,12/6/2024,-323,365,-88.49,ON_LINE,308,365,84.31,ON_LINE,57,1/8/2016,-3147,180,-1748.31,ON_LINE
17-Feb-25 00:00:00,3/31/2023,12/6/2024,-324.0416565,365,-88.77,ON_LINE,307,365,84,ON_LINE,58,3/31/2023,12/6/2024,-324,365,-88.77,ON_LINE,307,365,84.04,ON_LINE,58,1/8/2016,-3148,180,-1748.87,ON_LINE
18-Feb-25 00:00:00,3/31/2023,12/6/2024,-325.0416565,365,-89.04,ON_LINE,306,365,84,ON_LINE,59,3/31/2023,12/6/2024,-325,365,-89.04,ON_LINE,306,365,83.76,ON_LINE,59,1/8/2016,-3149,180,-1749.42,ON_LINE
19-Feb-25 00:00:00,3/31/2023,12/6/2024,-326.0416565,365,-89.32,ON_LINE,305,365,83,ON_LINE,60,3/31/2023,12/6/2024,-326,365,-89.32,ON_LINE,305,365,83.49,ON_LINE,60,1/8/2016,-3150,180,-1749.98,ON_LINE
20-Feb-25 00:00:00,3/31/2023,12/6/2024,-327.0416565,365,-89.59,ON_LINE,304,365,83,ON_LINE,61,3/31/2023,12/6/2024,-327,365,-89.59,ON_LINE,304,365,83.22,ON_LINE,61,1/8/2016,-3151,180,-1750.53,ON_LINE
21-Feb-25 00:00:00,3/31/2023,12/6/2024,-328.0416565,365,-89.86,ON_LINE,303,365,83,ON_LINE,62,3/31/2023,12/6/2024,-328,365,-89.86,ON_LINE,303,365,82.94,ON_LINE,62,1/8/2016,-3152,180,-1751.09,ON_LINE
22-Feb-25 00:00:00,3/31/2023,12/6/2024,-329.0416565,365,-90.14,ON_LINE,302,365,83,ON_LINE,63,3/31/2023,12/6/2024,-329,365,-90.14,ON_LINE,302,365,82.72,ON_LINE,63,1/8/2016,-3153,180,-1751.64,ON_LINE
23-Feb-25 00:00:00,3/31/2023,12/6/2024,-330.0416565,365,-90.41,ON_LINE,301,365,82,ON_LINE,64,3/31/2023,12/6/2024,-330,365,-90.41,ON_LINE,301,365,82.45,ON_LINE,64,1/8/2016,-3154,180,-1752.20,ON_LINE
24-Feb-25 00:00:00,3/31/2023,12/6/2024,-331.0416565,365,-90.68,ON_LINE,300,365,82,ON_LINE,65,3/31/2023,12/6/2024,-331,365,-90.68,ON_LINE,300,365,82.17,ON_LINE,65,1/8/2016,-3155,180,-1752.75,ON_LINE
25-Feb-25 00:00:00,3/31/2023,12/6/2024,-332.0416565,365,-90.96,ON_LINE,299,365,82,ON_LINE,66,3/31/2023,12/6/2024,-332,365,-90.96,ON_LINE,299,365,81.90,ON_LINE,66,1/8/2016,-3156,180,-1753.31,ON_LINE
26-Feb-25 00:00:00,3/31/2023,12/6/2024,-333.0416565,365,-91.23,ON_LINE,298,365,82,ON_LINE,67,3/31/2023,12/6/2024,-333,365,-91.23,ON_LINE,298,365,81.63,ON_LINE,67,1/8/2016,-3157,180,-1753.87,ON_LINE
27-Feb-25 00:00:00,3/31/2023,12/6/2024,-334.0416565,365,-91.51,ON_LINE,297,365,81,ON_LINE,68,3/31/2023,12/6/2024,-334,365,-91.51,ON_LINE,297,365,81.36,ON_LINE,68,1/8/2016,-3158,180,-1754.42,ON_LINE
28-Feb-25 00:00:00,3/31/2023,12/6/2024,-335.0416565,365,-91.78,ON_LINE,296,365,81,ON_LINE,69,3/31/2023,12/6/2024,-335,365,-91.78,ON_LINE,296,365,81.08,ON_LINE,69,1/8/2016,-3159,180,-1754.98,ON_LINE
01-Mar-25 00:00:00,3/31/2023,12/6/2024,-336.0416565,365,-92.05,ON_LINE,295,365,81,ON_LINE,70,3/31/2023,12/6/2024,-336,365,-92.05,ON_LINE,295,365,80.84,ON_LINE,70,1/8/2016,-3160,180,-1755.53,ON_LINE
02-Mar-25 00:00:00,3/31/2023,12/6/2024,-337.0416565,365,-92.33,ON_LINE,294,365,81,ON_LINE,71,3/31/2023,12/6/2024,-337,365,-92.33,ON_LINE,294,365,80.63,ON_LINE,71,1/8/2016,-3161,180,-1756.09,ON_LINE
03-Mar-25 00:00:00,3/31/2023,12/6/2024,-338.0416565,365,-92.60,ON_LINE,293,365,80,ON_LINE,72,3/31/2023,12/6/2024,-338,365,-92.60,ON_LINE,293,365,80.36,ON_LINE,72,1/8/2016,-3162,180,-1756.64,ON_LINE
04-Mar-25 00:00:00,3/31/2023,12/6/2024,-339.0416565,365,-92.88,ON_LINE,292,365,80,ON_LINE,73,3/31/2023,12/6/2024,-339,365,-92.88,ON_LINE,292,365,80.08,ON_LINE,73,1/8/2016,-3163,180,-1757.20,ON_LINE
05-Mar-25 00:00:00,3/31/2023,12/6/2024,-340.0416565,365,-93.15,ON_LINE,291,365,80,ON_LINE,74,3/31/2023,12/6/2024,-340,365,-93.15,ON_LINE,291,365,79.81,ON_LINE,74,1/8/2016,-3164,180,-1757.75,ON_LINE
06-Mar-25 00:00:00,3/31/2023,12/6/2024,-341.0416565,365,-93.42,ON_LINE,291,365,80,ON_LINE,74,3/31/2023,12/6/2024,-341,365,-93.42,ON_LINE,291,365,79.61,ON_LINE,74,1/8/2016,-3165,180,-1758.31,ON_LINE
07-Mar-25 00:00:00,3/31/2023,12/6/2024,-342.0416565,365,-93.70,ON_LINE,291,365,80,ON_LINE,74,3/31/2023,12/6/2024,-342,365,-93.70,ON_LINE,291,365,79.61,ON_LINE,74,1/8/2016,-3166,180,-1758.87,ON_LINE
08-Mar-25 00:00:00,3/31/2023,12/6/2024,-343.0416565,365,-93.97,ON_LINE,290,365,80,ON_LINE,75,3/31/2023,12/6/2024,-343,365,-93.97,ON_LINE,290,365,79.51,ON_LINE,75,1/8/2016,-3167,180,-1759.42,ON_LINE
09-Mar-25 00:00:00,3/31/2023,12/6/2024,-344.0416565,365,-94.25,ON_LINE,289,365,79,ON_LINE,76,3/31/2023,12/6/2024,-344,365,-94.25,ON_LINE,289,365,79.23,ON_LINE,76,1/8/2016,-3168,180,-1759.98,ON_LINE
10-Mar-25 00:00:00,3/31/2023,12/6/2024,-345.0416565,365,-94.52,ON_LINE,288,365,79,ON_LINE,77,3/31/2023,12/6/2024,-345,365,-94.52,ON_LINE,288,365,78.96,ON_LINE,77,1/8/2016,-3169,180,-1760.53,ON_LINE
11-Mar-25 00:00:00,3/31/2023,12/6/2024,-346.0416565,365,-94.79,ON_LINE,287,365,79,ON_LINE,78,3/31/2023,12/6/2024,-346,365,-94.79,ON_LINE,287,365,78.69,ON_LINE,78,1/8/2016,-3170,180,-1761.09,ON_LINE
12-Mar-25 00:00:00,3/31/2023,12/6/2024,-347.0416565,365,-95.07,ON_LINE,287,365,79,ON_LINE,78,3/31/2023,12/6/2024,-347,365,-95.07,ON_LINE,287,365,78.66,ON_LINE,78,1/8/2016,-3171,180,-1761.64,ON_LINE
13-Mar-25 00:00:00,3/31/2023,12/6/2024,-348.0416565,365,-95.34,ON_LINE,287,365,79,ON_LINE,78,3/31/2023,12/6/2024,-348,365,-95.34,ON_LINE,287,365,78.66,ON_LINE,78,1/8/2016,-3172,180,-1762.20,ON_LINE
14-Mar-25 00:00:00,3/31/2023,12/6/2024,-349.0416565,365,-95.62,ON_LINE,287,365,79,ON_LINE,78,3/31/2023,12/6/2024,-349,365,-95.62,ON_LINE,287,365,78.52,ON_LINE,78,1/8/2016,-3173,180,-1762.75,ON_LINE
15-Mar-25 00:00:00,3/31/2023,12/6/2024,-350.0416565,365,-95.89,ON_LINE,286,365,78,ON_LINE,79,3/31/2023,12/6/2024,-350,365,-95.89,ON_LINE,286,365,78.41,ON_LINE,79,1/8/2016,-3174,180,-1763.31,ON_LINE
16-Mar-25 00:00:00,3/31/2023,12/6/2024,-351.0416565,365,-96.16,ON_LINE,286,365,78,ON_LINE,79,3/31/2023,12/6/2024,-351,365,-96.16,ON_LINE,286,365,78.39,ON_LINE,79,1/8/2016,-3175,180,-1763.87,ON_LINE
17-Mar-25 00:00:00,3/31/2023,12/6/2024,-352.0416565,365,-96.44,ON_LINE,285,365,78,ON_LINE,80,3/31/2023,12/6/2024,-352,365,-96.44,ON_LINE,285,365,78.12,ON_LINE,80,1/8/2016,-3176,180,-1764.42,ON_LINE
18-Mar-25 00:00:00,3/31/2023,12/6/2024,-353.0416565,365,-96.71,ON_LINE,284,365,78,ON_LINE,81,3/31/2023,12/6/2024,-353,365,-96.71,ON_LINE,284,365,77.85,ON_LINE,81,1/8/2016,-3177,180,-1764.98,ON_LINE
19-Mar-25 00:00:00,3/31/2023,12/6/2024,-354.0416565,365,-96.99,ON_LINE,283,365,78,ON_LINE,82,3/31/2023,12/6/2024,-354,365,-96.99,ON_LINE,283,365,77.57,ON_LINE,82,1/8/2016,-3178,180,-1765.53,ON_LINE
20-Mar-25 00:00:00,3/31/2023,12/6/2024,-355.0416565,365,-97.26,ON_LINE,282,365,77,ON_LINE,83,3/31/2023,12/6/2024,-355,365,-97.26,ON_LINE,282,365,77.37,ON_LINE,83,1/8/2016,-3179,180,-1766.09,ON_LINE
21-Mar-25 00:00:00,3/31/2023,12/6/2024,-356.0416565,365,-97.53,ON_LINE,281,365,77,ON_LINE,84,3/31/2023,12/6/2024,-356,365,-97.53,ON_LINE,281,365,77.10,ON_LINE,84,1/8/2016,-3180,180,-1766.64,ON_LINE
22-Mar-25 00:00:00,3/31/2023,12/6/2024,-357.0416565,365,-97.81,ON_LINE,281,365,77,ON_LINE,84,3/31/2023,12/6/2024,-357,365,-97.81,ON_LINE,281,365,76.91,ON_LINE,84,1/8/2016,-3181,180,-1767.20,ON_LINE
23-Mar-25 00:00:00,3/31/2023,12/6/2024,-358.0416565,365,-98.08,ON_LINE,280,365,77,ON_LINE,85,3/31/2023,12/6/2024,-358,365,-98.08,ON_LINE,280,365,76.67,ON_LINE,85,1/8/2016,-3182,180,-1767.75,ON_LINE
24-Mar-25 00:00:00,3/31/2023,12/6/2024,-359.0416565,365,-98.36,ON_LINE,279,365,76,ON_LINE,86,3/31/2023,12/6/2024,-359,365,-98.36,ON_LINE,279,365,76.40,ON_LINE,86,1/8/2016,-3183,180,-1768.31,ON_LINE
25-Mar-25 00:00:00,3/31/2023,12/6/2024,-360.0416565,365,-98.63,ON_LINE,278,365,76,ON_LINE,87,3/31/2023,12/6/2024,-360,365,-98.63,ON_LINE,278,365,76.13,ON_LINE,87,1/8/2016,-3184,180,-1768.87,ON_LINE
26-Mar-25 00:00:00,3/31/2023,12/6/2024,-361.0416565,365,-98.90,ON_LINE,277,365,76,ON_LINE,88,3/31/2023,12/6/2024,-361,365,-98.90,ON_LINE,277,365,75.85,ON_LINE,88,1/8/2016,-3185,180,-1769.42,ON_LINE
27-Mar-25 00:00:00,3/31/2023,12/6/2024,-362.0416565,365,-99.18,ON_LINE,276,365,76,ON_LINE,89,3/31/2023,12/6/2024,-362,365,-99.18,ON_LINE,276,365,75.58,ON_LINE,89,1/8/2016,-3186,180,-1769.98,ON_LINE
28-Mar-25 00:00:00,3/31/2023,12/6/2024,-363.0416565,365,-99.45,ON_LINE,275,365,75,ON_LINE,90,3/31/2023,12/6/2024,-363,365,-99.45,ON_LINE,275,365,75.40,ON_LINE,90,1/8/2016,-3187,180,-1770.53,ON_LINE
29-Mar-25 00:00:00,3/31/2023,12/6/2024,-364.0416565,365,-99.73,ON_LINE,275,365,75,ON_LINE,90,3/31/2023,12/6/2024,-364,365,-99.73,ON_LINE,275,365,75.40,ON_LINE,90,1/8/2016,-3188,180,-1771.09,ON_LINE
30-Mar-25 00:00:00,3/31/2023,12/6/2024,-365.0416565,365,-100.00,ON_LINE,275,365,75,ON_LINE,90,3/31/2023,12/6/2024,-365,365,-100.00,ON_LINE,275,365,75.40,ON_LINE,90,1/8/2016,-3189,180,-1771.64,ON_LINE
31-Mar-25 00:00:00,3/31/2023,12/6/2024,-366,365,-100.26,ON_LINE,275,365,75,ON_LINE,90,3/31/2023,12/6/2024,-366,365,-100.26,ON_LINE,275,365,75.23,ON_LINE,90,1/8/2016,-3190,180,-1772.18,ON_LINE
01-Apr-25 00:00:00,3/31/2023,12/6/2024,-367,365,-100.54,ON_LINE,274,365,75,ON_LINE,91,3/31/2023,12/6/2024,-367,365,-100.54,ON_LINE,274,365,74.95,ON_LINE,91,1/8/2016,-3191,180,-1772.73,ON_LINE
02-Apr-25 00:00:00,3/31/2023,12/6/2024,-368,365,-100.81,ON_LINE,273,365,75,ON_LINE,92,3/31/2023,12/6/2024,-368,365,-100.81,ON_LINE,273,365,74.68,ON_LINE,92,1/8/2016,-3192,180,-1773.29,ON_LINE
03-Apr-25 00:00:00,3/31/2023,12/6/2024,-369,365,-101.08,ON_LINE,272,365,74,ON_LINE,93,3/31/2023,12/6/2024,-369,365,-101.08,ON_LINE,272,365,74.40,ON_LINE,93,1/8/2016,-3193,180,-1773.84,ON_LINE
04-Apr-25 00:00:00,3/31/2023,12/6/2024,-370,365,-101.36,ON_LINE,271,365,74,ON_LINE,94,3/31/2023,12/6/2024,-370,365,-101.36,ON_LINE,271,365,74.13,ON_LINE,94,1/8/2016,-3194,180,-1774.40,ON_LINE
05-Apr-25 00:00:00,3/31/2023,12/6/2024,-371,365,-101.63,ON_LINE,270,365,74,ON_LINE,95,3/31/2023,12/6/2024,-371,365,-101.63,ON_LINE,270,365,73.86,ON_LINE,95,1/8/2016,-3195,180,-1774.95,ON_LINE
06-Apr-25 00:00:00,3/31/2023,12/6/2024,-372,365,-101.91,ON_LINE,269,365,74,ON_LINE,96,3/31/2023,12/6/2024,-372,365,-101.91,ON_LINE,269,365,73.58,ON_LINE,96,1/8/2016,-3196,180,-1775.51,ON_LINE
07-Apr-25 00:00:00,3/31/2023,12/6/2024,-373,365,-102.18,ON_LINE,268,365,73,ON_LINE,97,3/31/2023,12/6/2024,-373,365,-102.18,ON_LINE,268,365,73.31,ON_LINE,97,1/8/2016,-3197,180,-1776.06,ON_LINE
08-Apr-25 00:00:00,3/31/2023,12/6/2024,-374,365,-102.45,ON_LINE,267,365,73,ON_LINE,98,3/31/2023,12/6/2024,-374,365,-102.45,ON_LINE,267,365,73.03,ON_LINE,98,1/8/2016,-3198,180,-1776.62,ON_LINE
09-Apr-25 00:00:00,3/31/2023,12/6/2024,-375,365,-102.73,ON_LINE,266,365,73,ON_LINE,99,3/31/2023,12/6/2024,-375,365,-102.73,ON_LINE,266,365,72.90,ON_LINE,99,1/8/2016,-3199,180,-1777.18,ON_LINE
10-Apr-25 00:00:00,3/31/2023,12/6/2024,-376,365,-103.00,ON_LINE,266,365,73,ON_LINE,99,3/31/2023,12/6/2024,-376,365,-103.00,ON_LINE,266,365,72.90,ON_LINE,99,1/8/2016,-3200,180,-1777.73,ON_LINE
11-Apr-25 00:00:00,3/31/2023,12/6/2024,-377,365,-103.28,ON_LINE,266,365,73,ON_LINE,99,3/31/2023,12/6/2024,-377,365,-103.28,ON_LINE,266,365,72.90,ON_LINE,99,1/8/2016,-3201,180,-1778.29,ON_LINE
12-Apr-25 00:00:00,3/31/2023,12/6/2024,-378,365,-103.55,ON_LINE,266,365,73,ON_LINE,99,3/31/2023,12/6/2024,-378,365,-103.55,ON_LINE,266,365,72.90,ON_LINE,99,1/8/2016,-3202,180,-1778.84,ON_LINE
13-Apr-25 00:00:00,3/31/2023,12/6/2024,-379,365,-103.82,ON_LINE,266,365,73,ON_LINE,99,3/31/2023,12/6/2024,-379,365,-103.82,ON_LINE,266,365,72.90,ON_LINE,99,1/8/2016,-3203,180,-1779.40,ON_LINE
14-Apr-25 00:00:00,3/31/2023,12/6/2024,-380,365,-104.10,ON_LINE,266,365,73,ON_LINE,99,3/31/2023,12/6/2024,-380,365,-104.10,ON_LINE,266,365,72.90,ON_LINE,99,1/8/2016,-3204,180,-1779.95,ON_LINE
15-Apr-25 00:00:00,3/31/2023,12/6/2024,-381,365,-104.37,ON_LINE,266,365,73,ON_LINE,99,3/31/2023,12/6/2024,-381,365,-104.37,ON_LINE,266,365,72.90,ON_LINE,99,1/8/2016,-3205,180,-1780.51,ON_LINE
16-Apr-25 00:00:00,3/31/2023,12/6/2024,-382,365,-104.65,ON_LINE,266,365,73,ON_LINE,99,3/31/2023,12/6/2024,-382,365,-104.65,ON_LINE,266,365,72.76,ON_LINE,99,1/8/2016,-3206,180,-1781.06,ON_LINE
17-Apr-25 00:00:00,3/31/2023,12/6/2024,-383,365,-104.92,ON_LINE,265,365,72,ON_LINE,100,3/31/2023,12/6/2024,-383,365,-104.92,ON_LINE,265,365,72.48,ON_LINE,100,1/8/2016,-3207,180,-1781.62,ON_LINE
18-Apr-25 00:00:00,3/31/2023,12/6/2024,-384,365,-105.19,ON_LINE,264,365,72,ON_LINE,101,3/31/2023,12/6/2024,-384,365,-105.19,ON_LINE,264,365,72.21,ON_LINE,101,1/8/2016,-3208,180,-1782.18,ON_LINE
19-Apr-25 00:00:00,3/31/2023,12/6/2024,-385,365,-105.47,ON_LINE,263,365,72,ON_LINE,102,3/31/2023,12/6/2024,-385,365,-105.47,ON_LINE,263,365,71.94,ON_LINE,102,1/8/2016,-3209,180,-1782.73,ON_LINE
20-Apr-25 00:00:00,3/31/2023,12/6/2024,-386,365,-105.74,ON_LINE,262,365,72,ON_LINE,103,3/31/2023,12/6/2024,-386,365,-105.74,ON_LINE,262,365,71.67,ON_LINE,103,1/8/2016,-3210,180,-1783.29,ON_LINE
21-Apr-25 00:00:00,3/31/2023,12/6/2024,-387,365,-106.02,ON_LINE,261,365,71,ON_LINE,104,3/31/2023,12/6/2024,-387,365,-106.02,ON_LINE,261,365,71.39,ON_LINE,104,1/8/2016,-3211,180,-1783.84,ON_LINE
22-Apr-25 00:00:00,3/31/2023,12/6/2024,-388,365,-106.29,ON_LINE,260,365,71,ON_LINE,105,3/31/2023,12/6/2024,-388,365,-106.29,ON_LINE,260,365,71.22,ON_LINE,105,1/8/2016,-3212,180,-1784.40,ON_LINE
23-Apr-25 00:00:00,3/31/2023,12/6/2024,-389,365,-106.56,ON_LINE,260,365,71,ON_LINE,105,3/31/2023,12/6/2024,-389,365,-106.56,ON_LINE,260,365,71.16,ON_LINE,105,1/8/2016,-3213,180,-1784.95,ON_LINE
24-Apr-25 00:00:00,3/31/2023,12/6/2024,-390,365,-106.84,ON_LINE,259,365,71,ON_LINE,106,3/31/2023,12/6/2024,-390,365,-106.84,ON_LINE,259,365,71.04,ON_LINE,106,1/8/2016,-3214,180,-1785.51,ON_LINE
25-Apr-25 00:00:00,3/31/2023,12/6/2024,-391,365,-107.11,ON_LINE,258,365,71,ON_LINE,107,3/31/2023,12/6/2024,-391,365,-107.11,ON_LINE,258,365,70.77,ON_LINE,107,1/8/2016,-3215,180,-1786.06,ON_LINE
26-Apr-25 00:00:00,3/31/2023,12/6/2024,-392,365,-107.39,ON_LINE,258,365,71,ON_LINE,107,3/31/2023,12/6/2024,-392,365,-107.39,ON_LINE,258,365,70.63,ON_LINE,107,1/8/2016,-3216,180,-1786.62,ON_LINE
27-Apr-25 00:00:00,3/31/2023,12/6/2024,-393,365,-107.66,ON_LINE,258,365,71,ON_LINE,107,3/31/2023,12/6/2024,-393,365,-107.66,ON_LINE,258,365,70.63,ON_LINE,107,1/8/2016,-3217,180,-1787.18,ON_LINE
28-Apr-25 00:00:00,3/31/2023,12/6/2024,-394,365,-107.93,ON_LINE,257,365,70,ON_LINE,108,3/31/2023,12/6/2024,-394,365,-107.93,ON_LINE,257,365,70.47,ON_LINE,108,1/8/2016,-3218,180,-1787.73,ON_LINE
29-Apr-25 00:00:00,3/31/2023,12/6/2024,-395,365,-108.21,ON_LINE,256,365,70,ON_LINE,109,3/31/2023,12/6/2024,-395,365,-108.21,ON_LINE,256,365,70.20,ON_LINE,109,1/8/2016,-3219,180,-1788.29,ON_LINE
30-Apr-25 00:00:00,3/31/2023,12/6/2024,-396,365,-108.48,ON_LINE,255,365,70,ON_LINE,110,3/31/2023,12/6/2024,-396,365,-108.48,ON_LINE,255,365,69.92,ON_LINE,110,1/8/2016,-3220,180,-1788.84,ON_LINE
01-May-25 00:00:00,3/31/2023,12/6/2024,-397,365,-108.76,ON_LINE,254,365,70,ON_LINE,111,3/31/2023,12/6/2024,-397,365,-108.76,ON_LINE,254,365,69.65,ON_LINE,111,1/8/2016,-3221,180,-1789.40,ON_LINE
02-May-25 00:00:00,3/31/2023,12/6/2024,-398,365,-109.03,ON_LINE,253,365,69,ON_LINE,112,3/31/2023,12/6/2024,-398,365,-109.03,ON_LINE,253,365,69.37,ON_LINE,112,1/8/2016,-3222,180,-1789.95,ON_LINE
03-May-25 00:00:00,3/31/2023,12/6/2024,-399,365,-109.30,ON_LINE,252,365,69,ON_LINE,113,3/31/2023,12/6/2024,-399,365,-109.30,ON_LINE,252,365,69.10,ON_LINE,113,1/8/2016,-3223,180,-1790.51,ON_LINE
04-May-25 00:00:00,3/31/2023,12/6/2024,-400,365,-109.58,ON_LINE,251,365,69,ON_LINE,114,3/31/2023,12/6/2024,-400,365,-109.58,ON_LINE,251,365,68.83,ON_LINE,114,1/8/2016,-3224,180,-1791.06,ON_LINE
05-May-25 00:00:00,3/31/2023,12/6/2024,-401,365,-109.85,ON_LINE,250,365,69,ON_LINE,115,3/31/2023,12/6/2024,-401,365,-109.85,ON_LINE,250,365,68.55,ON_LINE,115,1/8/2016,-3225,180,-1791.62,ON_LINE
06-May-25 00:00:00,3/31/2023,12/6/2024,-402,365,-110.13,ON_LINE,249,365,68,ON_LINE,116,3/31/2023,12/6/2024,-402,365,-110.13,ON_LINE,249,365,68.28,ON_LINE,116,1/8/2016,-3226,180,-1792.18,ON_LINE
07-May-25 00:00:00,3/31/2023,12/6/2024,-403,365,-110.40,ON_LINE,248,365,68,ON_LINE,117,3/31/2023,12/6/2024,-403,365,-110.40,ON_LINE,248,365,68.00,ON_LINE,117,1/8/2016,-3227,180,-1792.73,ON_LINE
08-May-25 00:00:00,3/31/2023,12/6/2024,-404,365,-110.67,ON_LINE,247,365,68,ON_LINE,118,3/31/2023,12/6/2024,-404,365,-110.67,ON_LINE,247,365,67.73,ON_LINE,118,1/8/2016,-3228,180,-1793.29,ON_LINE
09-May-25 00:00:00,3/31/2023,12/6/2024,-405,365,-110.95,ON_LINE,246,365,67,ON_LINE,119,3/31/2023,12/6/2024,-405,365,-110.95,ON_LINE,246,365,67.46,ON_LINE,119,1/8/2016,-3229,180,-1793.84,ON_LINE
10-May-25 00:00:00,3/31/2023,12/6/2024,-406,365,-111.22,ON_LINE,245,365,67,ON_LINE,120,3/31/2023,12/6/2024,-406,365,-111.22,ON_LINE,245,365,67.18,ON_LINE,120,1/8/2016,-3230,180,-1794.40,ON_LINE
11-May-25 00:00:00,3/31/2023,12/6/2024,-407,365,-111.50,ON_LINE,244,365,67,ON_LINE,121,3/31/2023,12/6/2024,-407,365,-111.50,ON_LINE,244,365,66.91,ON_LINE,121,1/8/2016,-3231,180,-1794.95,ON_LINE
12-May-25 00:00:00,3/31/2023,12/6/2024,-408,365,-111.77,ON_LINE,243,365,67,ON_LINE,122,3/31/2023,12/6/2024,-408,365,-111.77,ON_LINE,243,365,66.63,ON_LINE,122,1/8/2016,-3232,180,-1795.51,ON_LINE
13-May-25 00:00:00,3/31/2023,12/6/2024,-409,365,-112.04,ON_LINE,243,365,67,ON_LINE,122,3/31/2023,12/6/2024,-409,365,-112.04,ON_LINE,243,365,66.53,ON_LINE,122,1/8/2016,-3233,180,-1796.06,ON_LINE
14-May-25 00:00:00,3/31/2023,12/6/2024,-410,365,-112.32,ON_LINE,243,365,67,ON_LINE,122,3/31/2023,12/6/2024,-410,365,-112.32,ON_LINE,243,365,66.53,ON_LINE,122,1/8/2016,-3234,180,-1796.62,ON_LINE
15-May-25 00:00:00,3/31/2023,12/6/2024,-411,365,-112.59,ON_LINE,243,365,67,ON_LINE,122,3/31/2023,12/6/2024,-411,365,-112.59,ON_LINE,243,365,66.53,ON_LINE,122,1/8/2016,-3235,180,-1797.18,ON_LINE
16-May-25 00:00:00,3/31/2023,12/6/2024,-412,365,-112.87,ON_LINE,243,365,67,ON_LINE,122,3/31/2023,12/6/2024,-412,365,-112.87,ON_LINE,243,365,66.53,ON_LINE,122,1/8/2016,-3236,180,-1797.73,ON_LINE
17-May-25 00:00:00,3/31/2023,12/6/2024,-413,365,-113.14,ON_LINE,243,365,67,ON_LINE,122,3/31/2023,12/6/2024,-413,365,-113.14,ON_LINE,243,365,66.53,ON_LINE,122,1/8/2016,-3237,180,-1798.29,ON_LINE
18-May-25 00:00:00,3/31/2023,12/6/2024,-414,365,-113.41,ON_LINE,242,365,66,ON_LINE,123,3/31/2023,12/6/2024,-414,365,-113.41,ON_LINE,242,365,66.26,ON_LINE,123,1/8/2016,-3238,180,-1798.84,ON_LINE
19-May-25 00:00:00,3/31/2023,12/6/2024,-415,365,-113.69,ON_LINE,241,365,66,ON_LINE,124,3/31/2023,12/6/2024,-415,365,-113.69,ON_LINE,241,365,65.99,ON_LINE,124,1/8/2016,-3239,180,-1799.40,ON_LINE
20-May-25 00:00:00,3/31/2023,12/6/2024,-416,365,-113.96,ON_LINE,240,365,66,ON_LINE,125,3/31/2023,12/6/2024,-416,365,-113.96,ON_LINE,240,365,65.71,ON_LINE,125,1/8/2016,-3240,180,-1799.95,ON_LINE
21-May-25 00:00:00,3/31/2023,12/6/2024,-417,365,-114.24,ON_LINE,239,365,65,ON_LINE,126,3/31/2023,12/6/2024,-417,365,-114.24,ON_LINE,239,365,65.44,ON_LINE,126,1/8/2016,-3241,180,-1800.51,ON_LINE
22-May-25 00:00:00,3/31/2023,12/6/2024,-418,365,-114.51,ON_LINE,238,365,65,ON_LINE,127,3/31/2023,12/6/2024,-418,365,-114.51,ON_LINE,238,365,65.16,ON_LINE,127,1/8/2016,-3242,180,-1801.06,ON_LINE
23-May-25 00:00:00,3/31/2023,12/6/2024,-419,365,-114.78,ON_LINE,237,365,65,ON_LINE,128,3/31/2023,12/6/2024,-419,365,-114.78,ON_LINE,237,365,64.89,ON_LINE,128,1/8/2016,-3243,180,-1801.62,ON_LINE
24-May-25 00:00:00,3/31/2023,12/6/2024,-420,365,-115.06,ON_LINE,236,365,65,ON_LINE,129,3/31/2023,12/6/2024,-420,365,-115.06,ON_LINE,236,365,64.62,ON_LINE,129,1/8/2016,-3244,180,-1802.18,ON_LINE
25-May-25 00:00:00,3/31/2023,12/6/2024,-421,365,-115.33,ON_LINE,236,365,65,ON_LINE,129,3/31/2023,12/6/2024,-421,365,-115.33,ON_LINE,236,365,64.54,ON_LINE,129,1/8/2016,-3245,180,-1802.73,ON_LINE
26-May-25 00:00:00,3/31/2023,12/6/2024,-422,365,-115.61,ON_LINE,236,365,65,ON_LINE,129,3/31/2023,12/6/2024,-422,365,-115.61,ON_LINE,236,365,64.54,ON_LINE,129,1/8/2016,-3246,180,-1803.29,ON_LINE
27-May-25 00:00:00,3/31/2023,12/6/2024,-423,365,-115.88,ON_LINE,236,365,65,ON_LINE,129,3/31/2023,12/6/2024,-423,365,-115.88,ON_LINE,236,365,64.54,ON_LINE,129,1/8/2016,-3247,180,-1803.84,ON_LINE
28-May-25 00:00:00,3/31/2023,12/6/2024,-424,365,-116.15,ON_LINE,236,365,65,ON_LINE,129,3/31/2023,12/6/2024,-424,365,-116.15,ON_LINE,236,365,64.54,ON_LINE,129,1/8/2016,-3248,180,-1804.40,ON_LINE
29-May-25 00:00:00,3/31/2023,12/6/2024,-425,365,-116.43,ON_LINE,236,365,65,ON_LINE,129,3/31/2023,12/6/2024,-425,365,-116.43,ON_LINE,236,365,64.54,ON_LINE,129,1/8/2016,-3249,180,-1804.95,ON_LINE
30-May-25 00:00:00,3/31/2023,12/6/2024,-426,365,-116.70,ON_LINE,236,365,65,ON_LINE,129,3/31/2023,12/6/2024,-426,365,-116.70,ON_LINE,236,365,64.54,ON_LINE,129,1/8/2016,-3250,180,-1805.51,ON_LINE
31-May-25 00:00:00,3/31/2023,12/6/2024,-427,365,-116.97,ON_LINE,236,365,65,ON_LINE,129,3/31/2023,12/6/2024,-427,365,-116.97,ON_LINE,236,365,64.54,ON_LINE,129,1/8/2016,-3251,180,-1806.06,ON_LINE
01-Jun-25 00:00:00,3/31/2023,12/6/2024,-428,365,-117.25,ON_LINE,235,365,64,ON_LINE,130,3/31/2023,12/6/2024,-428,365,-117.25,ON_LINE,235,365,64.27,ON_LINE,130,1/8/2016,-3252,180,-1806.62,ON_LINE
02-Jun-25 00:00:00,3/31/2023,12/6/2024,-429,365,-117.52,ON_LINE,234,365,64,ON_LINE,131,3/31/2023,12/6/2024,-429,365,-117.52,ON_LINE,234,365,64.00,ON_LINE,131,1/8/2016,-3253,180,-1807.18,ON_LINE
03-Jun-25 00:00:00,3/31/2023,12/6/2024,-430,365,-117.80,ON_LINE,233,365,64,ON_LINE,132,3/31/2023,12/6/2024,-430,365,-117.80,ON_LINE,233,365,63.73,ON_LINE,132,1/8/2016,-3254,180,-1807.73,ON_LINE
04-Jun-25 00:00:00,3/31/2023,12/6/2024,-431,365,-118.07,ON_LINE,232,365,63,ON_LINE,133,3/31/2023,12/6/2024,-431,365,-118.07,ON_LINE,232,365,63.45,ON_LINE,133,1/8/2016,-3255,180,-1808.29,ON_LINE
05-Jun-25 00:00:00,3/31/2023,12/6/2024,-432,365,-118.34,ON_LINE,231,365,63,ON_LINE,134,3/31/2023,12/6/2024,-432,365,-118.34,ON_LINE,231,365,63.18,ON_LINE,134,1/8/2016,-3256,180,-1808.84,ON_LINE
06-Jun-25 00:00:00,3/31/2023,12/6/2024,-433,365,-118.62,ON_LINE,230,365,63,ON_LINE,135,3/31/2023,12/6/2024,-433,365,-118.62,ON_LINE,230,365,62.90,ON_LINE,135,1/8/2016,-3257,180,-1809.40,ON_LINE
07-Jun-25 00:00:00,3/31/2023,12/6/2024,-434,365,-118.89,ON_LINE,229,365,63,ON_LINE,136,3/31/2023,12/6/2024,-434,365,-118.89,ON_LINE,229,365,62.63,ON_LINE,136,1/8/2016,-3258,180,-1809.95,ON_LINE
08-Jun-25 00:00:00,3/31/2023,12/6/2024,-435,365,-119.17,ON_LINE,228,365,62,ON_LINE,137,3/31/2023,12/6/2024,-435,365,-119.17,ON_LINE,228,365,62.36,ON_LINE,137,1/8/2016,-3259,180,-1810.51,ON_LINE
09-Jun-25 00:00:00,3/31/2023,12/6/2024,-436,365,-119.44,ON_LINE,227,365,62,ON_LINE,138,3/31/2023,12/6/2024,-436,365,-119.44,ON_LINE,227,365,62.08,ON_LINE,138,1/8/2016,-3260,180,-1811.06,ON_LINE
10-Jun-25 00:00:00,3/31/2023,12/6/2024,-437,365,-119.71,ON_LINE,226,365,62,ON_LINE,139,3/31/2023,12/6/2024,-437,365,-119.71,ON_LINE,226,365,61.81,ON_LINE,139,1/8/2016,-3261,180,-1811.62,ON_LINE
11-Jun-25 00:00:00,3/31/2023,12/6/2024,-438,365,-119.99,ON_LINE,225,365,62,ON_LINE,140,3/31/2023,12/6/2024,-438,365,-119.99,ON_LINE,225,365,61.53,ON_LINE,140,1/8/2016,-3262,180,-1812.18,ON_LINE
12-Jun-25 00:00:00,3/31/2023,12/6/2024,-439,365,-120.26,ON_LINE,224,365,61,ON_LINE,141,3/31/2023,12/6/2024,-439,365,-120.26,ON_LINE,224,365,61.26,ON_LINE,141,1/8/2016,-3263,180,-1812.73,ON_LINE
13-Jun-25 00:00:00,3/31/2023,12/6/2024,-440,365,-120.54,ON_LINE,223,365,61,ON_LINE,142,3/31/2023,12/6/2024,-440,365,-120.54,ON_LINE,223,365,60.99,ON_LINE,142,1/8/2016,-3264,180,-1813.29,ON_LINE
14-Jun-25 00:00:00,3/31/2023,12/6/2024,-441,365,-120.81,ON_LINE,222,365,61,ON_LINE,143,3/31/2023,12/6/2024,-441,365,-120.81,ON_LINE,222,365,60.71,ON_LINE,143,1/8/2016,-3265,180,-1813.84,ON_LINE
15-Jun-25 00:00:00,3/31/2023,12/6/2024,-442,365,-121.08,ON_LINE,221,365,60,ON_LINE,144,3/31/2023,12/6/2024,-442,365,-121.08,ON_LINE,221,365,60.44,ON_LINE,144,1/8/2016,-3266,180,-1814.40,ON_LINE
16-Jun-25 00:00:00,3/31/2023,12/6/2024,-443,365,-121.36,ON_LINE,220,365,60,ON_LINE,145,3/31/2023,12/6/2024,-443,365,-121.36,ON_LINE,220,365,60.16,ON_LINE,145,1/8/2016,-3267,180,-1814.95,ON_LINE
17-Jun-25 00:00:00,3/31/2023,12/6/2024,-444,365,-121.63,ON_LINE,219,365,60,ON_LINE,146,3/31/2023,12/6/2024,-444,365,-121.63,ON_LINE,219,365,59.89,ON_LINE,146,1/8/2016,-3268,180,-1815.51,ON_LINE
18-Jun-25 00:00:00,3/31/2023,12/6/2024,-445,365,-121.91,ON_LINE,218,365,60,ON_LINE,147,3/31/2023,12/6/2024,-445,365,-121.91,ON_LINE,218,365,59.62,ON_LINE,147,1/8/2016,-3269,180,-1816.06,ON_LINE
19-Jun-25 00:00:00,3/31/2023,12/6/2024,-446,365,-122.18,ON_LINE,217,365,59,ON_LINE,148,3/31/2023,12/6/2024,-446,365,-122.18,ON_LINE,217,365,59.34,ON_LINE,148,1/8/2016,-3270,180,-1816.62,ON_LINE
20-Jun-25 00:00:00,3/31/2023,12/6/2024,-447,365,-122.45,ON_LINE,216,365,59,ON_LINE,149,3/31/2023,12/6/2024,-447,365,-122.45,ON_LINE,216,365,59.07,ON_LINE,149,1/8/2016,-3271,180,-1817.18,ON_LINE
21-Jun-25 00:00:00,3/31/2023,12/6/2024,-448,365,-122.73,ON_LINE,215,365,59,ON_LINE,150,3/31/2023,12/6/2024,-448,365,-122.73,ON_LINE,215,365,58.79,ON_LINE,150,1/8/2016,-3272,180,-1817.73,ON_LINE
22-Jun-25 00:00:00,3/31/2023,12/6/2024,-449,365,-123.00,ON_LINE,214,365,59,ON_LINE,151,3/31/2023,12/6/2024,-449,365,-123.00,ON_LINE,214,365,58.52,ON_LINE,151,1/8/2016,-3273,180,-1818.29,ON_LINE
23-Jun-25 00:00:00,3/31/2023,12/6/2024,-450,365,-123.28,ON_LINE,213,365,58,ON_LINE,152,3/31/2023,12/6/2024,-450,365,-123.28,ON_LINE,213,365,58.25,ON_LINE,152,1/8/2016,-3274,180,-1818.84,ON_LINE
24-Jun-25 00:00:00,3/31/2023,12/6/2024,-451,365,-123.55,ON_LINE,212,365,58,ON_LINE,153,3/31/2023,12/6/2024,-451,365,-123.55,ON_LINE,212,365,57.97,ON_LINE,153,1/8/2016,-3275,180,-1819.40,ON_LINE
25-Jun-25 00:00:00,3/31/2023,12/6/2024,-452,365,-123.82,ON_LINE,211,365,58,ON_LINE,154,3/31/2023,12/6/2024,-452,365,-123.82,ON_LINE,211,365,57.70,ON_LINE,154,1/8/2016,-3276,180,-1819.95,ON_LINE
26-Jun-25 00:00:00,3/31/2023,12/6/2024,-453,365,-124.10,ON_LINE,210,365,57,ON_LINE,155,3/31/2023,12/6/2024,-453,365,-124.10,ON_LINE,210,365,57.42,ON_LINE,155,1/8/2016,-3277,180,-1820.51,ON_LINE
27-Jun-25 00:00:00,3/31/2023,12/6/2024,-454,365,-124.37,ON_LINE,209,365,57,ON_LINE,156,3/31/2023,12/6/2024,-454,365,-124.37,ON_LINE,209,365,57.15,ON_LINE,156,1/8/2016,-3278,180,-1821.06,ON_LINE
28-Jun-25 00:00:00,3/31/2023,12/6/2024,-455,365,-124.65,ON_LINE,208,365,57,ON_LINE,157,3/31/2023,12/6/2024,-455,365,-124.65,ON_LINE,208,365,56.88,ON_LINE,157,1/8/2016,-3279,180,-1821.62,ON_LINE
29-Jun-25 00:00:00,3/31/2023,12/6/2024,-456,365,-124.92,ON_LINE,207,365,57,ON_LINE,158,3/31/2023,12/6/2024,-456,365,-124.92,ON_LINE,207,365,56.60,ON_LINE,158,1/8/2016,-3280,180,-1822.18,ON_LINE
30-Jun-25 00:00:00,3/31/2023,12/6/2024,-457,365,-125.19,ON_LINE,206,365,56,ON_LINE,159,3/31/2023,12/6/2024,-457,365,-125.19,ON_LINE,206,365,56.33,ON_LINE,159,1/8/2016,-3281,180,-1822.73,ON_LINE
01-Jul-25 00:00:00,3/31/2023,12/6/2024,-458,365,-125.47,ON_LINE,205,365,56,ON_LINE,160,3/31/2023,12/6/2024,-458,365,-125.47,ON_LINE,205,365,56.05,ON_LINE,160,1/8/2016,-3282,180,-1823.29,ON_LINE
02-Jul-25 00:00:00,3/31/2023,12/6/2024,-459,365,-125.74,ON_LINE,204,365,56,ON_LINE,161,3/31/2023,12/6/2024,-459,365,-125.74,ON_LINE,204,365,55.78,ON_LINE,161,1/8/2016,-3283,180,-1823.84,ON_LINE
03-Jul-25 00:00:00,3/31/2023,12/6/2024,-460,365,-126.02,ON_LINE,203,365,56,ON_LINE,162,3/31/2023,12/6/2024,-460,365,-126.02,ON_LINE,203,365,55.51,ON_LINE,162,1/8/2016,-3284,180,-1824.40,ON_LINE
04-Jul-25 00:00:00,3/31/2023,12/6/2024,-461,365,-126.29,ON_LINE,202,365,55,ON_LINE,163,3/31/2023,12/6/2024,-461,365,-126.29,ON_LINE,202,365,55.23,ON_LINE,163,1/8/2016,-3285,180,-1824.95,ON_LINE
05-Jul-25 00:00:00,3/31/2023,12/6/2024,-462,365,-126.56,ON_LINE,201,365,55,ON_LINE,164,3/31/2023,12/6/2024,-462,365,-126.56,ON_LINE,201,365,54.96,ON_LINE,164,1/8/2016,-3286,180,-1825.51,ON_LINE
06-Jul-25 00:00:00,3/31/2023,12/6/2024,-463,365,-126.84,ON_LINE,200,365,55,ON_LINE,165,3/31/2023,12/6/2024,-463,365,-126.84,ON_LINE,200,365,54.68,ON_LINE,165,1/8/2016,-3287,180,-1826.06,ON_LINE
07-Jul-25 00:00:00,3/31/2023,12/6/2024,-464,365,-127.11,ON_LINE,199,365,54,ON_LINE,166,3/31/2023,12/6/2024,-464,365,-127.11,ON_LINE,199,365,54.41,ON_LINE,166,1/8/2016,-3288,180,-1826.62,ON_LINE
08-Jul-25 00:00:00,3/31/2023,12/6/2024,-465,365,-127.39,ON_LINE,198,365,54,ON_LINE,167,3/31/2023,12/6/2024,-465,365,-127.39,ON_LINE,198,365,54.14,ON_LINE,167,1/8/2016,-3289,180,-1827.18,ON_LINE
09-Jul-25 00:00:00,3/31/2023,12/6/2024,-466,365,-127.66,ON_LINE,197,365,54,ON_LINE,168,3/31/2023,12/6/2024,-466,365,-127.66,ON_LINE,197,365,53.86,ON_LINE,168,1/8/2016,-3290,180,-1827.73,ON_LINE
10-Jul-25 00:00:00,3/31/2023,12/6/2024,-467,365,-127.93,ON_LINE,196,365,54,ON_LINE,169,3/31/2023,12/6/2024,-467,365,-127.93,ON_LINE,196,365,53.72,ON_LINE,169,1/8/2016,-3291,180,-1828.29,ON_LINE
11-Jul-25 00:00:00,3/31/2023,12/6/2024,-468,365,-128.21,ON_LINE,196,365,54,ON_LINE,169,3/31/2023,12/6/2024,-468,365,-128.21,ON_LINE,196,365,53.72,ON_LINE,169,1/8/2016,-3292,180,-1828.84,ON_LINE
12-Jul-25 00:00:00,3/31/2023,12/6/2024,-469,365,-128.48,ON_LINE,196,365,54,ON_LINE,169,3/31/2023,12/6/2024,-469,365,-128.48,ON_LINE,196,365,53.72,ON_LINE,169,1/8/2016,-3293,180,-1829.40,ON_LINE
13-Jul-25 00:00:00,3/31/2023,12/6/2024,-470,365,-128.76,ON_LINE,195,365,54,ON_LINE,170,3/31/2023,12/6/2024,-470,365,-128.76,ON_LINE,195,365,53.55,ON_LINE,170,1/8/2016,-3294,180,-1829.95,ON_LINE
14-Jul-25 00:00:00,3/31/2023,12/6/2024,-471,365,-129.03,ON_LINE,194,365,53,ON_LINE,171,3/31/2023,12/6/2024,-471,365,-129.03,ON_LINE,194,365,53.27,ON_LINE,171,1/8/2016,-3295,180,-1830.51,ON_LINE
15-Jul-25 00:00:00,3/31/2023,12/6/2024,-472,365,-129.30,ON_LINE,193,365,53,ON_LINE,172,3/31/2023,12/6/2024,-472,365,-129.30,ON_LINE,193,365,53.00,ON_LINE,172,1/8/2016,-3296,180,-1831.06,ON_LINE
16-Jul-25 00:00:00,3/31/2023,12/6/2024,-473,365,-129.58,ON_LINE,192,365,53,ON_LINE,173,3/31/2023,12/6/2024,-473,365,-129.58,ON_LINE,192,365,52.73,ON_LINE,173,1/8/2016,-3297,180,-1831.62,ON_LINE
17-Jul-25 00:00:00,3/31/2023,12/6/2024,-474,365,-129.85,ON_LINE,191,365,52,ON_LINE,174,3/31/2023,12/6/2024,-474,365,-129.85,ON_LINE,191,365,52.45,ON_LINE,174,1/8/2016,-3298,180,-1832.18,ON_LINE
18-Jul-25 00:00:00,3/31/2023,12/6/2024,-475,365,-130.13,ON_LINE,190,365,52,ON_LINE,175,3/31/2023,12/6/2024,-475,365,-130.13,ON_LINE,190,365,52.18,ON_LINE,175,1/8/2016,-3299,180,-1832.73,ON_LINE
19-Jul-25 00:00:00,3/31/2023,12/6/2024,-476,365,-130.40,ON_LINE,189,365,52,ON_LINE,176,3/31/2023,12/6/2024,-476,365,-130.40,ON_LINE,189,365,51.90,ON_LINE,176,1/8/2016,-3300,180,-1833.29,ON_LINE
20-Jul-25 00:00:00,3/31/2023,12/6/2024,-477,365,-130.67,ON_LINE,188,365,52,ON_LINE,177,3/31/2023,12/6/2024,-477,365,-130.67,ON_LINE,188,365,51.63,ON_LINE,177,1/8/2016,-3301,180,-1833.84,ON_LINE
21-Jul-25 00:00:00,3/31/2023,12/6/2024,-478,365,-130.95,ON_LINE,187,365,51,ON_LINE,178,3/31/2023,12/6/2024,-478,365,-130.95,ON_LINE,187,365,51.36,ON_LINE,178,1/8/2016,-3302,180,-1834.40,ON_LINE
22-Jul-25 00:00:00,3/31/2023,12/6/2024,-479,365,-131.22,ON_LINE,186,365,51,ON_LINE,179,3/31/2023,12/6/2024,-479,365,-131.22,ON_LINE,186,365,51.08,ON_LINE,179,1/8/2016,-3303,180,-1834.95,ON_LINE
23-Jul-25 00:00:00,3/31/2023,12/6/2024,-480,365,-131.50,ON_LINE,185,365,51,ON_LINE,180,3/31/2023,12/6/2024,-480,365,-131.50,ON_LINE,185,365,50.81,ON_LINE,180,1/8/2016,-3304,180,-1835.51,ON_LINE
24-Jul-25 00:00:00,3/31/2023,12/6/2024,-481,365,-131.77,ON_LINE,184,365,51,ON_LINE,181,3/31/2023,12/6/2024,-481,365,-131.77,ON_LINE,184,365,50.53,ON_LINE,181,1/8/2016,-3305,180,-1836.06,ON_LINE
25-Jul-25 00:00:00,3/31/2023,12/6/2024,-482,365,-132.04,ON_LINE,183,365,50,ON_LINE,182,3/31/2023,12/6/2024,-482,365,-132.04,ON_LINE,183,365,50.27,ON_LINE,182,1/8/2016,-3306,180,-1836.62,ON_LINE
26-Jul-25 00:00:00,3/31/2023,12/6/2024,-483,365,-132.32,ON_LINE,183,365,50,ON_LINE,182,3/31/2023,12/6/2024,-483,365,-132.32,ON_LINE,183,365,50.27,ON_LINE,182,1/8/2016,-3307,180,-1837.18,ON_LINE
27-Jul-25 00:00:00,3/31/2023,12/6/2024,-484,365,-132.59,ON_LINE,183,365,50,ON_LINE,182,3/31/2023,12/6/2024,-484,365,-132.59,ON_LINE,183,365,50.27,ON_LINE,182,1/8/2016,-3308,180,-1837.73,ON_LINE
28-Jul-25 00:00:00,3/31/2023,12/6/2024,-485,365,-132.87,ON_LINE,183,365,50,ON_LINE,182,3/31/2023,12/6/2024,-485,365,-132.87,ON_LINE,183,365,50.27,ON_LINE,182,1/8/2016,-3309,180,-1838.29,ON_LINE
29-Jul-25 00:00:00,3/31/2023,12/6/2024,-486,365,-133.14,ON_LINE,183,365,50,ON_LINE,182,3/31/2023,12/6/2024,-486,365,-133.14,ON_LINE,183,365,50.27,ON_LINE,182,1/8/2016,-3310,180,-1838.84,ON_LINE
30-Jul-25 00:00:00,3/31/2023,12/6/2024,-487,365,-133.41,ON_LINE,183,365,50,ON_LINE,182,3/31/2023,12/6/2024,-487,365,-133.41,ON_LINE,183,365,50.27,ON_LINE,182,1/8/2016,-3311,180,-1839.40,ON_LINE
31-Jul-25 00:00:00,3/31/2023,12/6/2024,-488,365,-133.69,ON_LINE,182,365,50,ON_LINE,183,3/31/2023,12/6/2024,-488,365,-133.69,ON_LINE,182,365,50.00,ON_LINE,183,1/8/2016,-3312,180,-1839.95,ON_LINE
01-Aug-25 00:00:00,3/31/2023,12/6/2024,-489,365,-133.96,ON_LINE,181,365,50,ON_LINE,184,3/31/2023,12/6/2024,-489,365,-133.96,ON_LINE,181,365,49.73,ON_LINE,184,1/8/2016,-3313,180,-1840.51,ON_LINE
02-Aug-25 00:00:00,3/31/2023,12/6/2024,-490,365,-134.24,ON_LINE,180,365,49,ON_LINE,185,3/31/2023,12/6/2024,-490,365,-134.24,ON_LINE,180,365,49.45,ON_LINE,185,1/8/2016,-3314,180,-1841.06,ON_LINE
03-Aug-25 00:00:00,3/31/2023,12/6/2024,-491,365,-134.51,ON_LINE,179,365,49,ON_LINE,186,3/31/2023,12/6/2024,-491,365,-134.51,ON_LINE,179,365,49.18,ON_LINE,186,1/8/2016,-3315,180,-1841.62,ON_LINE
04-Aug-25 00:00:00,3/31/2023,12/6/2024,-492,365,-134.78,ON_LINE,178,365,49,ON_LINE,187,3/31/2023,12/6/2024,-492,365,-134.78,ON_LINE,178,365,48.91,ON_LINE,187,1/8/2016,-3316,180,-1842.18,ON_LINE
05-Aug-25 00:00:00,3/31/2023,12/6/2024,-493,365,-135.06,ON_LINE,177,365,49,ON_LINE,188,3/31/2023,12/6/2024,-493,365,-135.06,ON_LINE,177,365,48.63,ON_LINE,188,1/8/2016,-3317,180,-1842.73,ON_LINE
06-Aug-25 00:00:00,3/31/2023,12/6/2024,-494,365,-135.33,ON_LINE,176,365,48,ON_LINE,189,3/31/2023,12/6/2024,-494,365,-135.33,ON_LINE,176,365,48.36,ON_LINE,189,1/8/2016,-3318,180,-1843.29,ON_LINE
07-Aug-25 00:00:00,3/31/2023,12/6/2024,-495,365,-135.61,ON_LINE,175,365,48,ON_LINE,190,3/31/2023,12/6/2024,-495,365,-135.61,ON_LINE,175,365,48.08,ON_LINE,190,1/8/2016,-3319,180,-1843.84,ON_LINE
08-Aug-25 00:00:00,3/31/2023,12/6/2024,-496,365,-135.88,ON_LINE,174,365,48,ON_LINE,191,3/31/2023,12/6/2024,-496,365,-135.88,ON_LINE,174,365,47.81,ON_LINE,191,1/8/2016,-3320,180,-1844.40,ON_LINE
09-Aug-25 00:00:00,3/31/2023,12/6/2024,-497,365,-136.15,ON_LINE,173,365,48,ON_LINE,192,3/31/2023,12/6/2024,-497,365,-136.15,ON_LINE,173,365,47.54,ON_LINE,192,1/8/2016,-3321,180,-1844.95,ON_LINE
10-Aug-25 00:00:00,3/31/2023,12/6/2024,-498,365,-136.43,ON_LINE,172,365,47,ON_LINE,193,3/31/2023,12/6/2024,-498,365,-136.43,ON_LINE,172,365,47.26,ON_LINE,193,1/8/2016,-3322,180,-1845.51,ON_LINE
11-Aug-25 00:00:00,3/31/2023,12/6/2024,-499,365,-136.70,ON_LINE,171,365,47,ON_LINE,194,3/31/2023,12/6/2024,-499,365,-136.70,ON_LINE,171,365,46.99,ON_LINE,194,1/8/2016,-3323,180,-1846.06,ON_LINE
12-Aug-25 00:00:00,3/31/2023,12/6/2024,-500,365,-136.97,ON_LINE,170,365,47,ON_LINE,195,3/31/2023,12/6/2024,-500,365,-136.97,ON_LINE,170,365,46.71,ON_LINE,195,1/8/2016,-3324,180,-1846.62,ON_LINE
13-Aug-25 00:00:00,3/31/2023,12/6/2024,-501,365,-137.25,ON_LINE,169,365,46,ON_LINE,196,3/31/2023,12/6/2024,-501,365,-137.25,ON_LINE,169,365,46.44,ON_LINE,196,1/8/2016,-3325,180,-1847.18,ON_LINE
14-Aug-25 00:00:00,3/31/2023,12/6/2024,-502,365,-137.52,ON_LINE,168,365,46,ON_LINE,197,3/31/2023,12/6/2024,-502,365,-137.52,ON_LINE,168,365,46.17,ON_LINE,197,1/8/2016,-3326,180,-1847.73,ON_LINE
15-Aug-25 00:00:00,3/31/2023,12/6/2024,-503,365,-137.80,ON_LINE,167,365,46,ON_LINE,198,3/31/2023,12/6/2024,-503,365,-137.80,ON_LINE,167,365,45.89,ON_LINE,198,1/8/2016,-3327,180,-1848.29,ON_LINE
16-Aug-25 00:00:00,3/31/2023,12/6/2024,-504,365,-138.07,ON_LINE,166,365,46,ON_LINE,199,3/31/2023,12/6/2024,-504,365,-138.07,ON_LINE,166,365,45.62,ON_LINE,199,1/8/2016,-3328,180,-1848.84,ON_LINE
17-Aug-25 00:00:00,3/31/2023,12/6/2024,-505,365,-138.34,ON_LINE,165,365,45,ON_LINE,200,3/31/2023,12/6/2024,-505,365,-138.34,ON_LINE,165,365,45.34,ON_LINE,200,1/8/2016,-3329,180,-1849.40,ON_LINE
18-Aug-25 00:00:00,3/31/2023,12/6/2024,-506,365,-138.62,ON_LINE,164,365,45,ON_LINE,201,3/31/2023,12/6/2024,-506,365,-138.62,ON_LINE,164,365,45.07,ON_LINE,201,1/8/2016,-3330,180,-1849.95,ON_LINE
19-Aug-25 00:00:00,3/31/2023,12/6/2024,-507,365,-138.89,ON_LINE,163,365,45,ON_LINE,202,3/31/2023,12/6/2024,-507,365,-138.89,ON_LINE,163,365,44.80,ON_LINE,202,1/8/2016,-3331,180,-1850.51,ON_LINE
20-Aug-25 00:00:00,3/31/2023,12/6/2024,-508,365,-139.17,ON_LINE,162,365,45,ON_LINE,203,3/31/2023,12/6/2024,-508,365,-139.17,ON_LINE,162,365,44.52,ON_LINE,203,1/8/2016,-3332,180,-1851.06,ON_LINE
21-Aug-25 00:00:00,3/31/2023,12/6/2024,-509,365,-139.44,ON_LINE,161,365,44,ON_LINE,204,3/31/2023,12/6/2024,-509,365,-139.44,ON_LINE,161,365,44.25,ON_LINE,204,1/8/2016,-3333,180,-1851.62,ON_LINE
22-Aug-25 00:00:00,3/31/2023,12/6/2024,-510,365,-139.71,ON_LINE,161,365,44,ON_LINE,204,3/31/2023,12/6/2024,-510,365,-139.71,ON_LINE,160,365,43.98,ON_LINE,204,1/8/2016,-3334,180,-1852.18,ON_LINE
23-Aug-25 00:00:00,3/31/2023,12/6/2024,-511,365,-139.99,ON_LINE,160,365,44,ON_LINE,205,3/31/2023,12/6/2024,-511,365,-139.99,ON_LINE,159,365,43.71,ON_LINE,205,1/8/2016,-3335,180,-1852.73,ON_LINE
24-Aug-25 00:00:00,3/31/2023,12/6/2024,-512,365,-140.26,ON_LINE,159,365,43,ON_LINE,206,3/31/2023,12/6/2024,-512,365,-140.26,ON_LINE,158,365,43.43,ON_LINE,206,1/8/2016,-3336,180,-1853.29,ON_LINE
25-Aug-25 00:00:00,3/31/2023,12/6/2024,-513,365,-140.54,ON_LINE,158,365,43,ON_LINE,207,3/31/2023,12/6/2024,-513,365,-140.54,ON_LINE,157,365,43.16,ON_LINE,207,1/8/2016,-3337,180,-1853.84,ON_LINE
26-Aug-25 00:00:00,3/31/2023,12/6/2024,-514,365,-140.81,ON_LINE,157,365,43,ON_LINE,208,3/31/2023,12/6/2024,-514,365,-140.81,ON_LINE,156,365,42.89,ON_LINE,208,1/8/2016,-3338,180,-1854.40,ON_LINE
27-Aug-25 00:00:00,3/31/2023,12/6/2024,-515,365,-141.08,ON_LINE,156,365,43,ON_LINE,209,3/31/2023,12/6/2024,-515,365,-141.08,ON_LINE,156,365,42.67,ON_LINE,209,1/8/2016,-3339,180,-1854.95,ON_LINE
28-Aug-25 00:00:00,3/31/2023,12/6/2024,-516,365,-141.36,ON_LINE,155,365,42,ON_LINE,210,3/31/2023,12/6/2024,-516,365,-141.36,ON_LINE,155,365,42.40,ON_LINE,210,1/8/2016,-3340,180,-1855.51,ON_LINE
29-Aug-25 00:00:00,3/31/2023,12/6/2024,-517,365,-141.63,ON_LINE,154,365,42,ON_LINE,211,3/31/2023,12/6/2024,-517,365,-141.63,ON_LINE,154,365,42.13,ON_LINE,211,1/8/2016,-3341,180,-1856.06,ON_LINE
30-Aug-25 00:00:00,3/31/2023,12/6/2024,-518,365,-141.91,ON_LINE,153,365,42,ON_LINE,212,3/31/2023,12/6/2024,-518,365,-141.91,ON_LINE,153,365,41.85,ON_LINE,212,1/8/2016,-3342,180,-1856.62,ON_LINE
31-Aug-25 00:00:00,3/31/2023,12/6/2024,-519,365,-142.18,ON_LINE,152,365,42,ON_LINE,213,3/31/2023,12/6/2024,-519,365,-142.18,ON_LINE,152,365,41.58,ON_LINE,213,1/8/2016,-3343,180,-1857.18,ON_LINE
01-Sep-25 00:00:00,3/31/2023,12/6/2024,-520,365,-142.45,ON_LINE,151,365,41,ON_LINE,214,3/31/2023,12/6/2024,-520,365,-142.45,ON_LINE,151,365,41.31,ON_LINE,214,1/8/2016,-3344,180,-1857.73,ON_LINE
02-Sep-25 00:00:00,3/31/2023,12/6/2024,-521,365,-142.73,ON_LINE,150,365,41,ON_LINE,215,3/31/2023,12/6/2024,-521,365,-142.73,ON_LINE,150,365,41.03,ON_LINE,215,1/8/2016,-3345,180,-1858.29,ON_LINE
03-Sep-25 00:00:00,3/31/2023,12/6/2024,-522,365,-143.00,ON_LINE,149,365,41,ON_LINE,216,3/31/2023,12/6/2024,-522,365,-143.00,ON_LINE,149,365,40.76,ON_LINE,216,1/8/2016,-3346,180,-1858.84,ON_LINE
04-Sep-25 00:00:00,3/31/2023,12/6/2024,-523,365,-143.28,ON_LINE,148,365,40,ON_LINE,217,3/31/2023,12/6/2024,-523,365,-143.28,ON_LINE,148,365,40.48,ON_LINE,217,1/8/2016,-3347,180,-1859.40,ON_LINE